epoch,risk_global_scale,risk_weight,risk_autoscale_target_frac,risk_autoscale_ema_base,risk_autoscale_ema_raw_score,compw_risk_min_dist,compw_risk_ttc,compw_risk_pet,compw_risk_overlap,risk_L_band,map_bce_loss,risk_score_raw,risk_score,risk_scaled,compw_entropy_lambda,compw_entropy,compw_max,high_risk_q90,epoch_tokens,epoch_tokens_per_sec
1,536.2085571289062,0.005,0.01,278.7977294921875,1.0792816877365112,0.3665275573730469,0.14154452085494995,0.24841642379760742,0.24351154267787933,0.4794638729095459,13.776522912979125,1.0794638967514043,1.0046387849934397,498.61972395181675,0.01,1.3345592021942139,0.3665275573730469,1.0949211120605469,320000,15095.761916257099
2,173.17703247070312,0.01,0.01,175.836669921875,1.0665258169174194,0.36829015612602234,0.142225444316864,0.2496102899312973,0.23987409472465515,0.4617165863513947,13.785281200408939,1.061716610193253,-0.10263735772576182,-20.588472014665605,0.01,1.334148645401001,0.36829015612602234,1.0757653713226318,320000,14920.106435451422
3,60.02853012084961,0.015000000000000003,0.01,87.23506927490234,1.043076753616333,0.3700042963027954,0.14289237558841705,0.2507758140563965,0.23632745444774628,0.4318429160118103,13.787398090362549,1.031842939853668,-0.4477149653062225,-38.78683455348017,0.01,1.3336819410324097,0.3700042963027954,1.0480257272720337,320000,14766.558400576203
4,21.154226303100586,0.02,0.01,40.28703689575195,1.0194463729858398,0.37168776988983154,0.14354752004146576,0.25191906094551086,0.23284569382667542,0.40771786630153656,13.793578004837036,1.0077178901433943,-0.3945707425719593,-12.883752984777093,0.01,1.333155870437622,0.37168776988983154,1.024357557296753,320000,15367.00250734144
5,8.858896255493164,0.025,0.01,21.05222511291504,1.0011036396026611,0.37334877252578735,0.14419466257095337,0.25304803252220154,0.22940857708454132,0.39192227005958563,13.789871912002564,0.9919222939014435,-0.1884483521711081,-2.4803415448963633,0.01,1.3325705528259277,0.37334877252578735,1.0077918767929077,320000,15311.309680096585
6,4.30745267868042,0.030000000000000006,0.01,12.186935424804688,0.9838034510612488,0.374985933303833,0.14483332633972168,0.254161536693573,0.2260192632675171,0.37587233722209923,13.77965050697327,0.9758723610639572,-0.1352307999238837,-0.7830236684903502,0.01,1.3319287300109863,0.374985933303833,0.9941661357879639,320000,15334.715888045721
7,2.3924760818481445,0.035,0.01,7.830646514892578,0.9663983583450317,0.37659457325935364,0.14546194672584534,0.25525638461112976,0.22268708050251007,0.35716677963733673,13.781986627578735,0.9571668034791947,-0.14470753259956837,-0.48499273300170925,0.01,1.3312342166900635,0.37659457325935364,0.9691728353500366,320000,15211.392176932588
8,1.5357084274291992,0.04,0.01,5.707346439361572,0.9503962993621826,0.3781811594963074,0.1460830271244049,0.25633737444877625,0.2193983942270279,0.3426529574394226,13.776651830673218,0.9426529812812805,-0.0560517544625327,-0.10825387030839924,0.01,1.3304866552352905,0.3781811594963074,0.9549399614334106,320000,15253.858008862775
9,1.1853828430175781,0.045,0.01,5.02564001083374,0.9355013966560364,0.3797452449798584,0.14669613540172577,0.2574036717414856,0.21615494787693024,0.3287293589115143,13.790610666275024,0.9287293827533722,-0.08997986707836389,-0.11149021617136899,0.01,1.3296880722045898,0.3797452449798584,0.9436885714530945,320000,14967.908170206263
10,1.0309101343154907,0.05,0.01,4.651651859283447,0.9204450249671936,0.3812829554080963,0.14730021357536316,0.2584534287452698,0.21296334266662598,0.31290122568607315,13.784861516952514,0.9129012495279312,-0.031029613099526607,-0.03310316956602037,0.01,1.3288427591323853,0.3812829554080963,0.9283118844032288,320000,14969.899808942611
11,0.8284047842025757,0.05500000000000001,0.01,4.133785247802734,0.905751645565033,0.38279861211776733,0.14789676666259766,0.259488970041275,0.20981565117835999,0.2985062474012375,13.7789137840271,0.8985062712430953,-0.038822337836027135,-0.03412064190953971,0.01,1.327950358390808,0.38279861211776733,0.9132835865020752,320000,15119.4351395161
12,0.7032570242881775,0.06000000000000001,0.01,3.715839385986328,0.8927329778671265,0.38429397344589233,0.1484862118959427,0.2605113089084625,0.20670846104621887,0.2867935091257096,13.785158405303955,0.8867935329675675,-0.03967491979943588,-0.03064807999646292,0.01,1.3270113468170166,0.38429397344589233,0.9007291793823242,320000,15157.667538569163
13,0.6330233216285706,0.065,0.01,3.6163392066955566,0.8792081475257874,0.3857654929161072,0.14906743168830872,0.261518269777298,0.20364883542060852,0.2722908639907835,13.792892265319825,0.8722908878326416,-0.024500061543658375,-0.016454822190571566,0.01,1.3260300159454346,0.3857654929161072,0.8848577737808228,320000,15000.969234147657
14,0.6185153722763062,0.07,0.01,3.8013579845428467,0.8647230267524719,0.3872125446796417,0.14964042603969574,0.262509822845459,0.20063719153404236,0.2575220853090287,13.78100414276123,0.8575221091508866,-0.016638150699436666,-0.010154805723577737,0.01,1.3250086307525635,0.3872125446796417,0.8707717657089233,320000,15068.324140025565
15,0.5311457514762878,0.075,0.01,3.345628261566162,0.8508652448654175,0.38863664865493774,0.15020564198493958,0.26348698139190674,0.19767074286937714,0.24405326664447785,13.78801399230957,0.8440532904863357,-0.03159585708519444,-0.016622640995774415,0.01,1.3239481449127197,0.38863664865493774,0.8585242033004761,320000,15215.661046016068
16,0.4610689878463745,0.08,0.01,3.075230360031128,0.83803790807724,0.3900405764579773,0.15076377987861633,0.26445087790489197,0.19474482536315918,0.231895552277565,13.781303749084472,0.8318955761194229,-0.03332773149944843,-0.015503501957282428,0.01,1.3228486776351929,0.3900405764579773,0.8437573909759521,320000,15207.306791590314
17,0.4138023257255554,0.085,0.01,2.880875587463379,0.8260535597801208,0.3914247155189514,0.15131516754627228,0.26540207862854004,0.19185805320739746,0.22012947559356688,13.78304437637329,0.8201294994354249,-0.005392771810293193,-0.0024250550195574773,0.01,1.3217110633850098,0.3914247155189514,0.8315747976303101,320000,15060.694605562181
18,0.3691908121109009,0.09,0.01,2.7141377925872803,0.8134154081344604,0.39278578758239746,0.15185879170894623,0.2663387656211853,0.18901671469211578,0.20665499389171602,13.790096702575681,0.806655017733574,-0.011977671354543418,-0.004619081528508098,0.01,1.320539951324463,0.39278578758239746,0.8210057616233826,320000,15035.127029034373
19,0.35506561398506165,0.095,0.01,2.701369285583496,0.8009136319160461,0.39412742853164673,0.15239572525024414,0.2672627866268158,0.18621402978897095,0.19470932841300972,13.78722212791443,0.7947093522548676,-0.007389510928187519,-0.0028439979051472623,0.01,1.319333791732788,0.39412742853164673,0.8064860105514526,320000,14841.206902686765
20,0.3654578626155853,0.1,0.01,2.8993380069732666,0.7896803021430969,0.3954489827156067,0.15292590856552124,0.26817449927330017,0.1834506094455719,0.18367441296577453,13.78868353843689,0.7836744368076325,0.02556654760148377,0.00974435477750376,0.01,1.3180948495864868,0.3954489827156067,0.7947591543197632,320000,15081.865057116087
21,0.34963005781173706,0.10500000000000001,0.01,2.919600486755371,0.7771161794662476,0.3967498242855072,0.15344920754432678,0.26907289028167725,0.18072804808616638,0.17064007222652433,13.785779075622559,0.7706400960683822,-0.022738065887242538,-0.008122816814575334,0.01,1.3168253898620605,0.3967498242855072,0.7841662764549255,320000,15014.390992591098
22,0.3328285813331604,0.11000000000000001,0.01,2.8007760047912598,0.7647191286087036,0.39803022146224976,0.1539655327796936,0.26995816826820374,0.1780460625886917,0.15873885869979845,13.787763242721558,0.7587388825416562,-0.04883317507454192,-0.01675364349008305,0.01,1.3155264854431152,0.39803022146224976,0.7716740965843201,320000,15006.169493785774
23,0.31355082988739014,0.11500000000000002,0.01,2.6986968517303467,0.7537543773651123,0.3992924094200134,0.1544756293296814,0.27083179354667664,0.17540013790130615,0.14836036801338198,13.793309001922607,0.7483603918552398,0.006256305550523389,0.0017893157589423925,0.01,1.3141978979110718,0.3992924094200134,0.7605092525482178,320000,14953.104368040385
24,0.3100857436656952,0.12000000000000002,0.01,2.758498430252075,0.7425509095191956,0.400536447763443,0.15497970581054688,0.271694153547287,0.17278961837291718,0.13727716386318206,13.790596790313721,0.7372771877050401,0.008043075101450086,0.0028094926499761686,0.01,1.312840461730957,0.400536447763443,0.7502536177635193,320000,15068.533404619862
25,0.2920471131801605,0.125,0.01,2.6789944171905518,0.7320104837417603,0.40176132321357727,0.15547741949558258,0.27254417538642883,0.17021702229976654,0.12689128696918478,13.787324161529542,0.7268913108110431,0.026132328109815715,0.007595034587429832,0.01,1.3114571571350098,0.40176132321357727,0.7401291131973267,320000,15075.26088044653
26,0.2645612359046936,0.13,0.01,2.474250316619873,0.7204583883285522,0.40296655893325806,0.1559685468673706,0.27338171005249023,0.16768315434455872,0.11474825859069825,13.779925174713135,0.7147482824325562,-0.02057021653279662,-0.005609886016463862,0.01,1.3100497722625732,0.40296655893325806,0.7271515130996704,320000,15006.52971748483
27,0.2537609338760376,0.135,0.01,2.4296247959136963,0.7099128365516663,0.40415409207344055,0.15645377337932587,0.27420806884765625,0.16518409550189972,0.10483327031135559,13.787592086791992,0.7048332941532134,0.026897675339132548,0.006826890953816468,0.01,1.3086175918579102,0.40415409207344055,0.717731237411499,320000,14918.759466033644
28,0.2423701286315918,0.14,0.01,2.3703665733337402,0.6990991830825806,0.405322790145874,0.1569328010082245,0.27502256631851196,0.16272182762622833,0.09368239998817444,13.779817266464233,0.6936824238300323,-0.05517734536901118,-0.01348739338456653,0.01,1.3071632385253906,0.405322790145874,0.7068422436714172,320000,14849.499785656642
29,0.2375916987657547,0.14500000000000002,0.01,2.408839464187622,0.688428521156311,0.4064740836620331,0.15740588307380676,0.2758258283138275,0.16029419004917145,0.08329125165939331,13.791538629531862,0.6832912755012512,-0.0020853246317710833,-0.0005756383901461975,0.01,1.305686593055725,0.4064740836620331,0.6959285140037537,320000,14871.727406971155
30,0.23930694162845612,0.15,0.01,2.4240002632141113,0.6771494150161743,0.40760567784309387,0.15787269175052643,0.27661678194999695,0.15790480375289917,0.07168590605258943,13.781212520599365,0.6716859298944473,-0.026804646557138784,-0.006212829943033281,0.01,1.3041915893554688,0.40760567784309387,0.6845792531967163,320000,14804.221173822765
31,0.22606602311134338,0.155,0.01,2.3376574516296387,0.6679362654685974,0.40872249007225037,0.15833435952663422,0.27739837765693665,0.15554478764533997,0.06348530292510984,13.786957387924195,0.6634853267669676,-0.037600074978545305,-0.008577965517179108,0.01,1.3026736974716187,0.40872249007225037,0.6738909482955933,320000,14682.434364321602
32,0.22652192413806915,0.16,0.01,2.394402265548706,0.6574748158454895,0.4098198711872101,0.15878978371620178,0.2781679034233093,0.15322245657444,0.05200308263301849,13.783583526611329,0.6520031064748764,-0.02341330545488745,-0.0055248678370844575,0.01,1.3011398315429688,0.4098198711872101,0.6617574691772461,320000,14824.842110881182
33,0.21299442648887634,0.165,0.01,2.2834296226501465,0.6482221484184265,0.4109032452106476,0.15924052894115448,0.27892863750457764,0.15092763304710388,0.04385549604892731,13.79154987335205,0.6438555198907854,0.04212015438824897,0.009330754297552632,0.01,1.2995840311050415,0.4109032452106476,0.6541959643363953,320000,14970.84205708429
34,0.20998863875865936,0.17,0.01,2.2778987884521484,0.6377265453338623,0.4119666814804077,0.15968511998653412,0.2796768248081207,0.14867137372493744,0.03223641216754914,13.790952148437503,0.6322364360094072,-0.04818102504126728,-0.009933516385499387,0.01,1.298015832901001,0.4119666814804077,0.6416704654693604,320000,14812.168383545819
35,0.2090616524219513,0.175,0.01,2.291226863861084,0.6291719079017639,0.4130167067050934,0.16012509167194366,0.2804165780544281,0.14644165337085724,0.0249403715133667,13.77424090385437,0.6249254852533342,0.015053569388546748,0.002987223663658367,0.01,1.296425461769104,0.4130167067050934,0.635482907295227,320000,15005.592031048305
36,0.19157634675502777,0.18,0.01,2.129798650741577,0.6199594736099243,0.41403448581695557,0.16055598855018616,0.2811371684074402,0.1442723274230957,0.01558818221092224,13.782921314239502,0.615571828484535,0.03798132867086679,0.007612601575674488,0.01,1.2948455810546875,0.41403448581695557,0.6258538365364075,320000,15029.767494788175
37,0.1812063455581665,0.185,0.01,2.047229290008545,0.6111665368080139,0.41485029458999634,0.1609388291835785,0.28174421191215515,0.14246660470962524,0.0075852370262146,13.788251371383668,0.6065233147144317,-0.015306970544625048,-0.0029428509299759776,0.01,1.2935247421264648,0.41485029458999634,0.6158415079116821,320000,14724.638725443889
38,0.18733736872673035,0.19,0.01,2.1343626976013184,0.6033275723457336,0.415241539478302,0.16122542321681976,0.2821151912212372,0.14141793549060822,0.002663609981536865,13.786648197174072,0.5991802686452867,-0.006530597805976859,-0.0013136925501748902,0.01,1.2928051948547363,0.415241539478302,0.6082575917243958,320000,14772.952540002447
39,0.17949354648590088,0.195,0.01,2.0999412536621094,0.5982698798179626,0.4154151678085327,0.16146783530712128,0.2823691964149475,0.1407477706670761,0.0014048558473587036,13.784984111785889,0.5956794923543933,-0.041535264919511976,-0.007476392143289562,0.01,1.2924073934555054,0.4154151678085327,0.6053149700164795,320000,14790.14422408865
40,0.1746496856212616,0.2,0.01,2.065009832382202,0.5954846739768982,0.41552644968032837,0.16170348227024078,0.2825942039489746,0.14017583429813385,0.0009691649675369265,13.77925700187683,0.5940740209817885,0.026158924417104577,0.004605129428091461,0.01,1.2920947074890137,0.41552644968032837,0.6032643914222717,320000,14933.345272497609
41,0.17558108270168304,0.2,0.01,2.101253032684326,0.5926069021224976,0.4154464900493622,0.16190367937088013,0.2827187776565552,0.1399310678243637,0.00030640780925750733,13.78632962226868,0.5912839305400845,-0.027705864367890166,-0.00486466307862429,0.01,1.292063593864441,0.4154464900493622,0.6003126502037048,320000,14864.86224872647
42,0.1702962964773178,0.2,0.01,2.018605947494507,0.591776430606842,0.4154428541660309,0.1621314287185669,0.2828936278820038,0.13953213393688202,0.0005910688638687134,13.785381937026978,0.5916130703687669,-0.008376063425093887,-0.0014735175785608589,0.01,1.291912317276001,0.4154428541660309,0.6023719310760498,320000,14624.220682114312
43,0.17575262486934662,0.2,0.01,2.0700931549072266,0.5901262164115906,0.41528815031051636,0.16233393549919128,0.28299084305763245,0.13938705623149872,0.00025485098361969,13.785843496322633,0.5894633263349532,-0.0028332079946994794,-0.0005556662520393729,0.01,1.2919785976409912,0.41528815031051636,0.5981948971748352,320000,14711.01399665646
44,0.1712648570537567,0.2,0.01,2.016326665878296,0.5903743505477905,0.41508612036705017,0.16253671050071716,0.2830698490142822,0.13930729031562805,8.76688957214356e-05,13.782944326400758,0.5903550511598583,0.028555409372784196,0.005121355194132777,0.01,1.2921124696731567,0.41508612036705017,0.5987295508384705,320000,14634.286989920445
45,0.169182687997818,0.2,0.01,1.9889472723007202,0.5894882082939148,0.4148978590965271,0.16275431215763092,0.28316521644592285,0.13918261229991913,0.0002895808219909668,13.78784369468689,0.589171959161758,-0.020660571657354004,-0.0033995885608601364,0.01,1.292216181755066,0.4148978590965271,0.5967332124710083,320000,14644.97436682382
46,0.1885753870010376,0.2,0.01,2.237661123275757,0.5884678363800049,0.41468942165374756,0.162979856133461,0.28325846791267395,0.1390722095966339,0.00032222390174865714,13.78088020324707,0.5877417719364165,0.0460017549060285,0.008526207897812128,0.01,1.2923434972763062,0.41468942165374756,0.5974843502044678,320000,14767.617558750246
47,0.180545836687088,0.2,0.01,2.1190459728240967,0.587647020816803,0.41443225741386414,0.1632062792778015,0.283332884311676,0.13902850449085236,0.00010490238666534425,13.779940042495728,0.5870401293039318,-0.04205762628465891,-0.007942834324203436,0.01,1.2925344705581665,0.41443225741386414,0.5965501666069031,320000,14469.291325408443
48,0.18171259760856628,0.2,0.01,2.128321886062622,0.587234616279602,0.41418877243995667,0.16344933211803436,0.28342512249946594,0.1389368176460266,0.0001354914903640747,13.79437722206116,0.5869141644239424,-0.0004826807230710972,-3.072832594625874e-05,0.01,1.292696475982666,0.41418877243995667,0.5967503786087036,320000,14525.59718806864
49,0.1804283708333969,0.2,0.01,2.0932185649871826,0.5868452787399292,0.4139557480812073,0.1637086570262909,0.2835334241390228,0.13880223035812378,7.204234600067138e-05,13.792772121429444,0.5867451262474058,-0.00852055103052407,-0.0017090883688069883,0.01,1.2928285598754883,0.4139557480812073,0.5968124270439148,320000,14577.903623089622
50,0.17453302443027496,0.2,0.01,2.040492296218872,0.5855743288993835,0.413661926984787,0.16396763920783997,0.28361713886260986,0.138753280043602,0.0001875841617584229,13.791922454833985,0.5852988165616988,-0.0646600385941565,-0.011250699915108272,0.01,1.2930492162704468,0.413661926984787,0.5957955718040466,320000,14315.482045274379
51,0.16937942802906036,0.2,0.01,2.012211799621582,0.5854652523994446,0.41336119174957275,0.1642400622367859,0.28370770812034607,0.1386909782886505,5.3046345710754396e-05,13.77944673538208,0.5854582291841509,0.013450359355192627,0.00224269559897948,0.01,1.2932651042938232,0.41336119174957275,0.594696581363678,320000,14456.44624571573
52,0.17959928512573242,0.2,0.01,2.114170789718628,0.5864487290382385,0.4129946231842041,0.16451194882392883,0.2837710678577423,0.13872240483760834,2.0456910133361815e-05,13.778840847015381,0.5868580174446107,0.04061329948191997,0.007190234626759774,0.01,1.2935727834701538,0.4129946231842041,0.5960916876792908,320000,14314.81620822555
53,0.16641086339950562,0.2,0.01,1.9300962686538696,0.5857853293418884,0.4126531779766083,0.16480682790279388,0.2838612496852875,0.13867874443531036,9.525895118713379e-05,13.788310060501098,0.5859135699272153,-0.04230014489032328,-0.007300762163940813,0.01,1.2938299179077148,0.4126531779766083,0.5965563654899597,320000,14310.724983449412
54,0.16526558995246887,0.2,0.01,1.946799635887146,0.5867201089859009,0.4123532772064209,0.1651304066181183,0.2839890718460083,0.1385273039340973,0.00019609153270721435,13.77944773674011,0.58688425719738,-0.012795465132221575,-0.002119026065338404,0.01,1.2940162420272827,0.4123532772064209,0.5979090332984924,320000,14417.398551979715
55,0.16197636723518372,0.2,0.01,1.884344220161438,0.5856519341468811,0.4119511842727661,0.16544318199157715,0.28406670689582825,0.13853900134563446,0.0,13.784584178924561,0.5852607595920564,0.034322329945862304,0.0056547793699428415,0.01,1.294336199760437,0.4119511842727661,0.5940291285514832,320000,14318.556905705555
56,0.1600826531648636,0.2,0.01,1.8830598592758179,0.5852041244506836,0.4115385413169861,0.16577254235744476,0.28415173292160034,0.13853713870048523,3.9113163948059084e-05,13.787378177642825,0.5851871436834337,-0.030085460841655743,-0.004766521404962987,0.01,1.2946654558181763,0.4115385413169861,0.5934759378433228,320000,14344.326433234291
57,0.16302432119846344,0.2,0.01,1.9125936031341553,0.5857247114181519,0.41111892461776733,0.1661197394132614,0.28424641489982605,0.1385149359703064,6.65438175201416e-05,13.789807834625243,0.5859822458028794,0.013100114837288852,0.0020724082156084486,0.01,1.2949992418289185,0.41111892461776733,0.5952548384666443,320000,14390.523717248634
58,0.16097161173820496,0.2,0.01,1.8734383583068848,0.5846150517463684,0.4106605052947998,0.16647586226463318,0.2843306362628937,0.13853301107883453,0.0,13.78774621963501,0.5843214333057404,-0.0032331797666847683,-0.0004947740724310269,0.01,1.2953639030456543,0.4106605052947998,0.5945680141448975,320000,14328.699678811561
59,0.15424153208732605,0.2,0.01,1.7973681688308716,0.5836824774742126,0.41019245982170105,0.16685165464878082,0.2844245135784149,0.1385314166545868,0.00021384179592132574,13.785681915283202,0.5832425135374073,-0.057692759397141344,-0.009073995003618617,0.01,1.2957355976104736,0.41019245982170105,0.5914285778999329,320000,14293.797049481167
60,0.1688314974308014,0.2,0.01,1.9622658491134644,0.5842332243919373,0.40970706939697266,0.1672438383102417,0.2845224440097809,0.13852669298648834,1.6563534736633303e-05,13.786400318145752,0.5843611919879913,0.046821662969887254,0.007349255702720257,0.01,1.2961182594299316,0.40970706939697266,0.5931392908096313,320000,14374.694437521333
61,0.1618524193763733,0.2,0.01,1.8740463256835938,0.5836746692657471,0.4092327952384949,0.1676609367132187,0.28464260697364807,0.13846361637115479,6.213068962097169e-05,13.796731805801391,0.5834196335077286,-0.06473441241309046,-0.010610032931435849,0.01,1.2964667081832886,0.4092327952384949,0.5936180353164673,320000,14308.41475357496
62,0.15492460131645203,0.2,0.01,1.7980828285217285,0.5828551650047302,0.4086810350418091,0.1680780053138733,0.28472810983657837,0.13851287961006165,5.183041095733643e-05,13.788879976272582,0.5824907898902892,-0.01574915437027812,-0.002490136084961703,0.01,1.2969213724136353,0.4086810350418091,0.5912508964538574,320000,14148.350442757996
63,0.14992739260196686,0.2,0.01,1.7431598901748657,0.5827826857566833,0.40813711285591125,0.1685207337141037,0.28483515977859497,0.13850703835487366,7.410109043121337e-05,13.787020092010499,0.5825225460529326,0.03022141153574921,0.004519966896623373,0.01,1.2973459959030151,0.40813711285591125,0.5936725735664368,320000,14272.464947144037
64,0.15554451942443848,0.2,0.01,1.8142904043197632,0.583134651184082,0.4075205624103546,0.16896827518939972,0.28491225838661194,0.13859890401363373,4.1024088859558104e-05,13.776323471069336,0.5833490836620325,-0.0714947610720992,-0.010625113707501441,0.01,1.2978702783584595,0.4075205624103546,0.5935863852500916,320000,14145.300239290636
65,0.15355367958545685,0.2,0.01,1.7890231609344482,0.583258867263794,0.406949907541275,0.16945229470729828,0.28503549098968506,0.13856229186058044,5.54293394088745e-05,13.787487421035767,0.5833933001756667,0.032269476954825224,0.005001376262516717,0.01,1.2982969284057617,0.406949907541275,0.5934763550758362,320000,14150.513788739901
66,0.1579459011554718,0.2,0.01,1.8403338193893433,0.5838059186935425,0.4062635600566864,0.16992993652820587,0.28510013222694397,0.13870632648468018,0.0,13.788737497329713,0.5838026183843613,0.03444425419555045,0.005303257400591977,0.01,1.2988920211791992,0.4062635600566864,0.593556821346283,320000,14055.030196888001
67,0.15862689912319183,0.2,0.01,1.851375937461853,0.5840259194374084,0.4056062400341034,0.17044496536254883,0.28520405292510986,0.13874471187591553,8.81493091583252e-05,13.788992738723755,0.5841176146268847,0.0008224961021915078,0.00014757257013116144,0.01,1.2994219064712524,0.4056062400341034,0.5940568447113037,320000,14056.141506248403
68,0.15591366589069366,0.2,0.01,1.813516616821289,0.5837688446044922,0.4048910140991211,0.1709698587656021,0.2852862775325775,0.13885286450386047,0.0,13.793303890228271,0.5833129370212553,-0.02035449601622532,-0.0032452750646916727,0.01,1.3000156879425049,0.4048910140991211,0.5935105085372925,320000,14172.902324790257
69,0.152595654129982,0.2,0.01,1.7864573001861572,0.5844533443450928,0.40415939688682556,0.17152249813079834,0.2853792905807495,0.13893887400627136,2.6246905326843266e-05,13.788302412033081,0.5851767349243165,0.014688669377937913,0.0021951398334931604,0.01,1.3006160259246826,0.40415939688682556,0.5946863293647766,320000,13835.020718350926
70,0.1541341096162796,0.2,0.01,1.7921909093856812,0.5853814482688904,0.40354853868484497,0.17213504016399384,0.28557291626930237,0.13874347507953644,6.829917430877685e-05,13.790882740020752,0.5860578501224518,-0.044306450492586025,-0.006858407329273175,0.01,1.3009974956512451,0.40354853868484497,0.5964350700378418,320000,14056.624355008435
71,0.15611183643341064,0.2,0.01,1.8332359790802002,0.5857642292976379,0.40286391973495483,0.17274145781993866,0.28572481870651245,0.13866980373859406,6.966233253479005e-05,13.788117113113403,0.5862051147222522,0.026110542316455387,0.003939332746085713,0.01,1.3014888763427734,0.40286391973495483,0.5944020748138428,320000,14184.617110998177
72,0.15173916518688202,0.2,0.01,1.7695906162261963,0.5849002003669739,0.4020977020263672,0.17334549129009247,0.28583332896232605,0.1387234628200531,1.6168355941772457e-05,13.789088153839113,0.5839996945857999,-0.01825997104868293,-0.002754080244340004,0.01,1.3020904064178467,0.4020977020263672,0.592731773853302,320000,14033.654448272206
73,0.15357497334480286,0.2,0.01,1.7900903224945068,0.5846767425537109,0.4012700319290161,0.173960343003273,0.2859169542789459,0.13885271549224854,7.017850875854492e-06,13.786637859344482,0.5844467872381212,-0.02277749216533265,-0.003489894299273147,0.01,1.302775502204895,0.4012700319290161,0.5932174921035767,320000,14069.86644522937
74,0.1519841104745865,0.2,0.01,1.7673848867416382,0.5844274759292603,0.40047121047973633,0.17461197078227997,0.2860395610332489,0.138877272605896,2.7940869331359862e-05,13.792131338119507,0.5844675242900849,0.029574877000413825,0.0044910171144874785,0.01,1.303389310836792,0.40047121047973633,0.5944505929946899,320000,14091.889494197807
75,0.1498701572418213,0.2,0.01,1.7506794929504395,0.5835123062133789,0.39977461099624634,0.1753111481666565,0.28624773025512695,0.13866658508777618,3.201484680175779e-05,13.782461605072022,0.5830094057321549,0.004149439246393743,0.0006575413397513333,0.01,1.3038060665130615,0.39977461099624634,0.5936707854270935,320000,14037.557785891386
76,0.15667830407619476,0.2,0.01,1.8363806009292603,0.5839508175849915,0.3989618718624115,0.17599521577358246,0.28638288378715515,0.13866005837917328,3.079056739807129e-05,13.786039171218873,0.5840697693824766,-0.015028792778030042,-0.0023198005382437307,0.01,1.3044068813323975,0.3989618718624115,0.5942519903182983,320000,14031.355058243289
77,0.1540473848581314,0.2,0.01,1.7885422706604004,0.5831249356269836,0.3981095552444458,0.17668646574020386,0.28650030493736267,0.13870368897914886,4.058480262756347e-05,13.78543420791626,0.5825221836566926,-0.04390317216515541,-0.0069557308848015986,0.01,1.305060625076294,0.3981095552444458,0.5927030444145203,320000,13937.275838871648
78,0.15378698706626892,0.2,0.01,1.7863023281097412,0.582956850528717,0.39724963903427124,0.17739787697792053,0.28662583231925964,0.13872672617435455,1.6453862190246583e-05,13.789953575134277,0.5827365082502369,-0.0004625708982348442,-9.086365927942124e-05,0.01,1.3056950569152832,0.39724963903427124,0.5949801802635193,320000,14056.343915943358
79,0.15084460377693176,0.2,0.01,1.7679502964019775,0.5830065608024597,0.39627358317375183,0.17810183763504028,0.2866796851158142,0.1389448195695877,0.0,13.779616327285767,0.5831137108802796,-0.02667824501171707,-0.004001945740310475,0.01,1.3065063953399658,0.39627358317375183,0.5934664011001587,320000,14106.265954488917
80,0.14809028804302216,0.2,0.01,1.7210849523544312,0.5842760801315308,0.3953463137149811,0.17885567247867584,0.2867937982082367,0.139004185795784,0.00014074683189392085,13.793295183181762,0.5849031352996829,0.05225919011980295,0.007974731968715787,0.01,1.3072129487991333,0.3953463137149811,0.5938323736190796,320000,13946.956173883851
81,0.15120653808116913,0.2,0.01,1.7700340747833252,0.584996223449707,0.3944193124771118,0.17963241040706635,0.2869218587875366,0.13902641832828522,9.335815906524657e-05,13.779546880722046,0.5852302163839339,-0.011926952162757522,-0.0017570387793239212,0.01,1.307883381843567,0.3944193124771118,0.59553062915802,320000,14137.150205202808
82,0.14603854715824127,0.2,0.01,1.7083415985107422,0.5852411389350891,0.3934331238269806,0.1804153025150299,0.2870174050331116,0.13913412392139435,3.0789971351623545e-05,13.79080358505249,0.5849463260173802,-0.000747190434485685,-0.00014634564518928528,0.01,1.3086388111114502,0.3934331238269806,0.5939067006111145,320000,13999.605100565324
83,0.15886792540550232,0.2,0.01,1.85859215259552,0.584563672542572,0.3926241397857666,0.18126583099365234,0.28726130723953247,0.138848677277565,7.376790046691893e-05,13.7857310962677,0.5842429345846176,0.014781339854525873,0.001858570809854429,0.01,1.3090789318084717,0.3926241397857666,0.5936373472213745,320000,13974.816666709703
84,0.15108470618724823,0.2,0.01,1.7576502561569214,0.5840559005737305,0.3916359841823578,0.18205466866493225,0.28735265135765076,0.13895660638809204,5.539417266845703e-05,13.781496410369874,0.583723155260086,0.00048711949959395984,-6.17196212988358e-05,0.01,1.309826135635376,0.3916359841823578,0.5934388041496277,320000,13981.582645901695
85,0.14657004177570343,0.2,0.01,1.7114036083221436,0.5833516716957092,0.3905591070652008,0.1828441172838211,0.2873879075050354,0.1392088085412979,0.0,13.794826440811157,0.582739280462265,-0.10451308012939992,-0.015495538308168764,0.01,1.3106993436813354,0.3905591070652008,0.5919342637062073,320000,13767.918086496567
86,0.1435007005929947,0.2,0.01,1.6695863008499146,0.5842333436012268,0.38951408863067627,0.18368442356586456,0.2874753773212433,0.13932615518569946,4.9998760223388653e-05,13.787173385620116,0.5849422013759614,0.034161183064570666,0.004996123403907407,0.01,1.3114814758300781,0.38951408863067627,0.5942153334617615,320000,13738.402166892434
87,0.1508970558643341,0.2,0.01,1.7650563716888428,0.5854847431182861,0.38859349489212036,0.18457789719104767,0.28767338395118713,0.13915520906448364,7.860779762268069e-05,13.779397630691529,0.5863164061307906,0.04973812289535999,0.007354760239832103,0.01,1.3120346069335938,0.38859349489212036,0.5969367623329163,320000,14447.193880555054
88,0.1441478580236435,0.2,0.01,1.6758394241333008,0.583631694316864,0.3876933455467224,0.18545949459075928,0.2878699004650116,0.1389772593975067,6.815850734710692e-05,13.781183195114135,0.5827531045675277,-0.10764402793720365,-0.015760841231094672,0.01,1.3125759363174438,0.3876933455467224,0.5932543277740479,320000,14481.454226743772
89,0.14375479519367218,0.2,0.01,1.6821924448013306,0.5832802057266235,0.38673290610313416,0.18630918860435486,0.28800228238105774,0.13895557820796967,2.5918483734130858e-05,13.792197942733765,0.5831553113460536,0.02219636384397746,0.0031321356695843882,0.01,1.3132046461105347,0.38673290610313416,0.5939649939537048,320000,14369.986258561714
90,0.14276167750358582,0.2,0.01,1.659221887588501,0.582889199256897,0.38562729954719543,0.18712975084781647,0.28801974654197693,0.13922318816184998,0.0,13.79507013320923,0.5823841786384584,0.00798327437601984,0.0011618094763252884,0.01,1.314078688621521,0.38562729954719543,0.5914230942726135,320000,13667.395718790456
91,0.14132335782051086,0.2,0.01,1.6638942956924438,0.5839242935180664,0.38449668884277344,0.18798625469207764,0.2880416214466095,0.13947542011737823,2.231597900390625e-06,13.782500839233398,0.5840335136651991,0.0011882101534865619,7.135198742616811e-05,0.01,1.3149683475494385,0.38449668884277344,0.5954206585884094,320000,13583.861273779079
92,0.1490744650363922,0.2,0.01,1.7441068887710571,0.5854748487472534,0.3833906054496765,0.18887601792812347,0.28809794783592224,0.13963532447814941,0.0,13.782949705123901,0.5861055392026899,0.004339917991310361,0.000593016289640218,0.01,1.3157685995101929,0.3833906054496765,0.5955507159233093,320000,13700.570224690398
93,0.14345037937164307,0.2,0.01,1.6713407039642334,0.5857954621315002,0.38239336013793945,0.18980900943279266,0.28825151920318604,0.13954608142375946,4.8557519912719725e-05,13.788366451263428,0.586038326025009,0.01697714965324848,0.0025382721065398068,0.01,1.316388487815857,0.38239336013793945,0.5952401757240295,320000,13615.510623767716
94,0.142563134431839,0.2,0.01,1.671506404876709,0.5857427716255188,0.38151058554649353,0.19075874984264374,0.2884845733642578,0.13924606144428253,9.913086891174317e-05,13.795085630416871,0.5857249701023101,0.07347433750052007,0.010464568354000219,0.01,1.3168046474456787,0.38151058554649353,0.5959411859512329,320000,13675.696848257903
95,0.15149828791618347,0.2,0.01,1.7780780792236328,0.58586585521698,0.380448579788208,0.1916341781616211,0.28854405879974365,0.13937318325042725,1.098930835723877e-05,13.779646348953245,0.5858717983961106,-0.04314947522245346,-0.0061716693942435105,0.01,1.3175525665283203,0.380448579788208,0.5967925190925598,320000,13676.218991091446
96,0.146291583776474,0.2,0.01,1.708659052848816,0.5844687223434448,0.3794595003128052,0.1925385594367981,0.28866589069366455,0.13933604955673218,9.828448295593262e-05,13.785467853546143,0.5834735220670699,-0.05036004643887283,-0.007632415933767334,0.01,1.3181657791137695,0.3794595003128052,0.5939550399780273,320000,13680.926207247503
97,0.1470375657081604,0.2,0.01,1.712972640991211,0.5845574140548706,0.3786269724369049,0.19348008930683136,0.288906991481781,0.13898591697216034,0.00010808706283569343,13.78226050376892,0.585001813173294,0.02560078151524067,0.003705628652824089,0.01,1.318516492843628,0.3786269724369049,0.5945979356765747,320000,13581.726009570048
98,0.14249347150325775,0.2,0.01,1.6632288694381714,0.5844019651412964,0.37753060460090637,0.19430510699748993,0.2888934016227722,0.1392708271741867,0.0,13.781211853027342,0.5842001336812972,-0.013330032490193848,-0.0018510505033191315,0.01,1.3193482160568237,0.37753060460090637,0.5923527479171753,320000,13727.735750748538
99,0.13884185254573822,0.2,0.01,1.6170326471328735,0.5843931436538696,0.3765551447868347,0.19520458579063416,0.2890048325061798,0.13923542201519012,8.27544927597046e-05,13.776938972473145,0.5841243392229079,0.0043131760507822015,0.0005637562624178855,0.01,1.3199371099472046,0.3765551447868347,0.5936733484268188,320000,13666.882320998893
100,0.1379125416278839,0.2,0.01,1.606838345527649,0.5831829309463501,0.37568026781082153,0.19610628485679626,0.28917551040649414,0.13903798162937164,5.851328372955324e-05,13.781649322509766,0.5828931707143784,-0.07629505122196863,-0.010563121470768235,0.01,1.3203749656677246,0.37568026781082153,0.594219446182251,320000,13694.217895611398
101,0.13997171819210052,0.2,0.01,1.6375919580459595,0.5827549695968628,0.3746529221534729,0.19696113467216492,0.28921177983283997,0.13917413353919983,1.2326836585998535e-05,13.795845222473144,0.5825850337743756,0.015645300386240728,0.00215916237953934,0.01,1.3210729360580444,0.3746529221534729,0.5923669338226318,320000,13661.136957648923
102,0.14214356243610382,0.2,0.01,1.6604101657867432,0.5829766988754272,0.37393325567245483,0.1979055255651474,0.28949669003486633,0.13866449892520905,0.0001216363906860351,13.78783212661743,0.5829783517122267,0.03258037026971579,0.004579779203049837,0.01,1.3212454319000244,0.37393325567245483,0.5949761271476746,320000,13680.474680347781
103,0.14234979450702667,0.2,0.01,1.6549514532089233,0.5817615389823914,0.37289267778396606,0.19869454205036163,0.289470374584198,0.1389424055814743,0.0,13.779546957015992,0.5808390015363692,-0.019221630617976184,-0.002733323515858501,0.01,1.3220125436782837,0.37289267778396606,0.5907489061355591,320000,13695.888195578227
104,0.1413375437259674,0.2,0.01,1.6430554389953613,0.5815322995185852,0.37190133333206177,0.19952814280986786,0.28949975967407227,0.13907070457935333,1.9895434379577638e-05,13.786863765716554,0.5811812615394593,-0.011850896584801372,-0.0017000699741765862,0.01,1.3226680755615234,0.37190133333206177,0.5914466381072998,320000,13814.528549824498
105,0.14074377715587616,0.2,0.01,1.6353880167007446,0.5823662877082825,0.3708111643791199,0.20035812258720398,0.28945717215538025,0.13937358558177948,0.0,13.794607152938843,0.5825015223026277,-0.09002680228091772,-0.01270624493598006,0.01,1.3234682083129883,0.3708111643791199,0.5935304760932922,320000,13524.69164601871
106,0.1431378275156021,0.2,0.01,1.6947907209396362,0.5829731822013855,0.36985650658607483,0.20126155018806458,0.28954821825027466,0.13933371007442474,8.096694946289064e-06,13.778954973220825,0.583464802503586,0.027674850592156863,0.0039020473175332858,0.01,1.3240050077438354,0.36985650658607483,0.596526563167572,320000,13394.691680254695
107,0.14814676344394684,0.2,0.01,1.727993130683899,0.583363950252533,0.3688344359397888,0.2021314799785614,0.2895668148994446,0.1394672989845276,3.297269344329834e-05,13.790555248260498,0.5835095649957653,0.020868525141850114,0.003028255983954296,0.01,1.324665904045105,0.3688344359397888,0.5931163430213928,320000,13831.450687343637
108,0.1429450809955597,0.2,0.01,1.6640901565551758,0.5832616686820984,0.3677954375743866,0.20301924645900726,0.2895803153514862,0.13960497081279755,3.229439258575439e-05,13.778403053283691,0.58307022690773,0.011731503871269516,0.0014791301364311948,0.01,1.3253337144851685,0.3677954375743866,0.5922845005989075,320000,13501.941387102404
109,0.13960735499858856,0.2,0.01,1.623274564743042,0.5831649303436279,0.3668467700481415,0.2039298266172409,0.2896641790866852,0.13955923914909363,5.157053470611576e-05,13.781834506988526,0.5832607239484786,-0.003778033815324302,-0.0005132196659542388,0.01,1.3258471488952637,0.3668467700481415,0.5937232375144958,320000,13545.681378583336
110,0.1410922259092331,0.2,0.01,1.649247646331787,0.5841852426528931,0.3660423755645752,0.20488974452018738,0.28986889123916626,0.1391989141702652,4.936516284942627e-05,13.78907618522644,0.5848341637849809,-0.031235845149494703,-0.004382943225791678,0.01,1.3261103630065918,0.3660423755645752,0.5962018370628357,320000,13566.414382882554
111,0.14181336760520935,0.2,0.01,1.647963285446167,0.5830054879188538,0.36509644985198975,0.205716073513031,0.2898891270160675,0.13929834961891174,4.253566265106201e-05,13.77911494255066,0.5818959093093872,0.06185183342546227,0.008817837298847737,0.01,1.3266851902008057,0.36509644985198975,0.5931411981582642,320000,13593.319403405425
112,0.1398560106754303,0.2,0.01,1.624588966369629,0.5812394618988037,0.36412328481674194,0.2065524011850357,0.28989338874816895,0.13943088054656982,2.7875900268554685e-05,13.7844455909729,0.5808000260591502,-0.09304667048156262,-0.013054258688353002,0.01,1.3272905349731445,0.36412328481674194,0.5905278325080872,320000,13518.32105452102
113,0.13662318885326385,0.2,0.01,1.5880359411239624,0.5823555588722229,0.363230437040329,0.20741821825504303,0.28996434807777405,0.13938695192337036,4.909574985504151e-05,13.790518798828124,0.5831121164560321,0.007216667239554224,0.0009807058883598075,0.01,1.3277528285980225,0.363230437040329,0.5929710268974304,320000,13566.275201271108
114,0.14213594794273376,0.2,0.01,1.6587811708450317,0.5823754668235779,0.3623062074184418,0.20827730000019073,0.2900055944919586,0.13941091299057007,5.6474804878234864e-05,13.792615423202514,0.5825936055183409,-0.013598182784626265,-0.0019434794148401123,0.01,1.3282692432403564,0.3623062074184418,0.5949833393096924,320000,13513.995412916689
115,0.14494453370571136,0.2,0.01,1.6845883131027222,0.5825487971305847,0.361465185880661,0.20913800597190857,0.29009655117988586,0.13930030167102814,4.1045546531677246e-05,13.78039595603943,0.5827482432127001,0.008917954026255755,0.001367001039907335,0.01,1.328651785850525,0.361465185880661,0.5928760170936584,320000,13537.988306821075
116,0.14120423793792725,0.2,0.01,1.645343542098999,0.5820379257202148,0.3605259656906128,0.20995096862316132,0.2900897264480591,0.13943332433700562,2.7233362197875984e-06,13.796975040435791,0.5823251962661743,0.0011168280139099828,7.649100298294714e-05,0.01,1.329219102859497,0.3605259656906128,0.5927208065986633,320000,13526.76756987739
117,0.13871890306472778,0.2,0.01,1.6132969856262207,0.5827217698097229,0.3595837354660034,0.21076978743076324,0.2900802195072174,0.1395663022994995,7.331967353820803e-06,13.790720901489259,0.5836388403177264,0.06614854759536681,0.009310348789440467,0.01,1.3297832012176514,0.3595837354660034,0.5943363308906555,320000,13716.93798667875
118,0.13632994890213013,0.2,0.01,1.59223473072052,0.5832005143165588,0.3586810529232025,0.21163000166416168,0.2901173233985901,0.1395716518163681,7.530331611633301e-05,13.78119701385498,0.5830718624591824,-0.08260442767757921,-0.01144405796774663,0.01,1.3302574157714844,0.3586810529232025,0.5928605198860168,320000,13434.192576695228
119,0.13549375534057617,0.2,0.01,1.5725386142730713,0.5822354555130005,0.35785409808158875,0.2124795913696289,0.29019349813461304,0.13947275280952454,1.7545819282531735e-05,13.786206283569335,0.5817732125520707,-0.047939699422568066,-0.006518351184204221,0.01,1.3306214809417725,0.35785409808158875,0.5923461318016052,320000,13482.666724956598
120,0.14758454263210297,0.2,0.01,1.728710651397705,0.5830352306365967,0.35693997144699097,0.21327808499336243,0.2901769280433655,0.13960501551628113,3.792881965637207e-05,13.791461458206177,0.583316721320152,0.022742932219989607,0.0029170172428712258,0.01,1.3311562538146973,0.35693997144699097,0.5943107008934021,320000,13419.83162135597
121,0.1456017643213272,0.2,0.01,1.6927707195281982,0.5843181610107422,0.35609591007232666,0.21411417424678802,0.29022470116615295,0.13956518471240997,2.3174285888671876e-05,13.786444339752196,0.5852517938613889,0.078324626958929,0.011528981774172277,0.01,1.3315575122833252,0.35609591007232666,0.5971506237983704,320000,13397.865247316731
122,0.1390318125486374,0.2,0.01,1.6135332584381104,0.5821922421455383,0.35526043176651,0.21494095027446747,0.29026809334754944,0.13953055441379547,3.994166851043701e-05,13.785397872924804,0.5807182794809339,-0.038319794507697215,-0.0055624508704931915,0.01,1.3319530487060547,0.35526043176651,0.5907454490661621,320000,13804.64050094805
123,0.13454626500606537,0.2,0.01,1.5614349842071533,0.5816076397895813,0.3543876111507416,0.21571755409240723,0.2902531027793884,0.13964174687862396,4.541873931884763e-07,13.785016088485717,0.581019492149353,-0.0339826278341934,-0.004719051117426714,0.01,1.33243989944458,0.3543876111507416,0.5917924642562866,320000,13557.078544560054
124,0.13449402153491974,0.2,0.01,1.5732347965240479,0.5822004079818726,0.3535764813423157,0.21653243899345398,0.2902970016002655,0.13959409296512604,3.6938190460205087e-05,13.78877676010132,0.5825082004070281,-0.006423993203789,-0.0008333733084145958,0.01,1.3328063488006592,0.3535764813423157,0.5919862985610962,320000,13657.55505498714
125,0.13531064987182617,0.2,0.01,1.5694513320922852,0.5820518136024475,0.35267987847328186,0.2173069268465042,0.2902579605579376,0.1397552341222763,2.855122089385988e-05,13.793285779953003,0.581884470582008,-0.006459846942452711,-0.0008895762980682775,0.01,1.3333280086517334,0.35267987847328186,0.5918998122215271,320000,13525.523029502405
126,0.1440056711435318,0.2,0.01,1.6784926652908325,0.5821354389190674,0.3518957793712616,0.21811756491661072,0.29030922055244446,0.13967740535736084,5.8208107948303226e-05,13.786210575103759,0.5823002940416334,-0.01695090285502374,-0.0022713451599702243,0.01,1.3336539268493652,0.3518957793712616,0.591617226600647,320000,13641.048147423951
127,0.13913986086845398,0.2,0.01,1.6132234334945679,0.5822334885597229,0.3512054979801178,0.2189565896987915,0.2904326319694519,0.13940532505512238,0.0001542681455612183,13.783286752700805,0.5822417402267458,0.0028908995787332945,0.0004575489553383247,0.01,1.3338360786437988,0.3512054979801178,0.5914976596832275,320000,13567.086882843018
128,0.13498155772686005,0.2,0.01,1.564613699913025,0.5808992981910706,0.3504490554332733,0.21969491243362427,0.2904517948627472,0.1394042819738388,9.924173355102526e-07,13.792623929977417,0.5802730780839922,-0.017852903939783574,-0.0023757195915095506,0.01,1.3341748714447021,0.3504490554332733,0.5910008549690247,320000,13502.59840889375
129,0.13401398062705994,0.2,0.01,1.5578162670135498,0.5815859436988831,0.3495509624481201,0.22038355469703674,0.29034915566444397,0.13971632719039917,0.0,13.783605327606201,0.5817282319068907,0.00649504020810129,0.000863807505229488,0.01,1.3347619771957397,0.3495509624481201,0.5915467739105225,320000,13571.517531563893
130,0.13480308651924133,0.2,0.01,1.5687668323516846,0.5814394950866699,0.3487895131111145,0.2211621105670929,0.29038205742836,0.13966627418994904,4.645764827728271e-05,13.786399450302124,0.5812032192945482,-0.009663759232498702,-0.0013110884162597358,0.01,1.3350791931152344,0.3487895131111145,0.5929272770881653,320000,13394.599443999947
131,0.13822977244853973,0.2,0.01,1.6312501430511475,0.5834068655967712,0.34801438450813293,0.2219327688217163,0.2903972864151001,0.13965553045272827,7.471978664398193e-05,13.792277669906616,0.5846825569868086,0.03406494749709961,0.004620760835241527,0.01,1.3354389667510986,0.34801438450813293,0.594314455986023,320000,13583.795834055994
132,0.13746553659439087,0.2,0.01,1.5980511903762817,0.5836859345436096,0.3473782539367676,0.22272229194641113,0.2905077040195465,0.13939182460308075,9.574651718139652e-05,13.791754951477051,0.5842430025339127,-0.04188945796340704,-0.005807572804260415,0.01,1.3355536460876465,0.3473782539367676,0.5932081341743469,320000,13349.264932592132
133,0.13703033328056335,0.2,0.01,1.5970773696899414,0.5829789042472839,0.3466714322566986,0.22344528138637543,0.29053381085395813,0.13934947550296783,4.869580268859864e-05,13.783050146102905,0.5831264102458956,0.021508571468293672,0.0029691688390448712,0.01,1.3358397483825684,0.3466714322566986,0.5934442281723022,320000,13674.667171794994
134,0.14499813318252563,0.2,0.01,1.6999735832214355,0.58293217420578,0.3458274304866791,0.22409328818321228,0.2904287874698639,0.13965046405792236,0.0,13.784039630889888,0.5831586486101152,0.009730451572686436,0.0012814620789140458,0.01,1.3363769054412842,0.3458274304866791,0.5925461649894714,320000,13381.72904636707
135,0.14063695073127747,0.2,0.01,1.631706953048706,0.5822973251342773,0.34518033266067505,0.22487394511699677,0.29051682353019714,0.13942888379096985,0.0001399731636047363,13.792594137191772,0.5825498181581498,-0.053661129816900945,-0.007706561611266809,0.01,1.3365287780761719,0.34518033266067505,0.5936356782913208,320000,13529.253655694543
136,0.13714393973350525,0.2,0.01,1.5986225605010986,0.5830067992210388,0.3445259928703308,0.2255995124578476,0.29056766629219055,0.13930682837963104,8.60607624053955e-05,13.792267599105834,0.583092892765999,0.03410020403331146,0.0047493230371037495,0.01,1.3367444276809692,0.3445259928703308,0.5949456095695496,320000,13643.259660245978
137,0.1334279179573059,0.2,0.01,1.548933506011963,0.5815883278846741,0.34375903010368347,0.22624003887176514,0.2904994487762451,0.13950152695178986,0.0,13.792042388916016,0.5807139927148821,-0.031876034978777175,-0.004335067141801118,0.01,1.3371694087982178,0.34375903010368347,0.5918638706207275,320000,13469.32558049566
138,0.13541388511657715,0.2,0.01,1.5787996053695679,0.5844867825508118,0.3430742919445038,0.22695067524909973,0.29051756858825684,0.13945747911930084,6.654202938079832e-05,13.78323998451233,0.5857511782646183,0.037796591897495076,0.005114733597365555,0.01,1.3374290466308594,0.3430742919445038,0.5963059067726135,320000,13574.180714745404
139,0.1338506042957306,0.2,0.01,1.558881163597107,0.5829929709434509,0.3423190414905548,0.22761397063732147,0.2904636561870575,0.13960334658622742,3.0347704887390135e-05,13.780851373672485,0.5823072826862331,-0.027283452581614263,-0.003692687246075365,0.01,1.3378249406814575,0.3423190414905548,0.5929176211357117,320000,13409.97644601973
140,0.13383030891418457,0.2,0.01,1.5623793601989746,0.5839548110961914,0.3415805995464325,0.22828646004199982,0.2904227674007416,0.13971012830734253,2.1860003471374512e-05,13.774355354309082,0.5843268156051638,0.03302925052907085,0.004421255609468061,0.01,1.3381845951080322,0.3415805995464325,0.59469074010849,320000,13372.086938886396
141,0.13556620478630066,0.2,0.01,1.5810168981552124,0.5836973190307617,0.34083354473114014,0.2289542555809021,0.2903710603713989,0.13984113931655884,7.563710212707521e-05,13.781739692687989,0.5838113176822659,-0.02438830619677901,-0.0032982286950573314,0.01,1.3385605812072754,0.34083354473114014,0.5937647223472595,320000,13459.007278225283
142,0.13627663254737854,0.2,0.01,1.5943866968154907,0.5844885110855103,0.34017837047576904,0.22966709733009338,0.29039883613586426,0.13975568115711212,0.00011800587177276611,13.800177183151245,0.5850741773843766,0.056193106397986414,0.00755718060856452,0.01,1.3387831449508667,0.34017837047576904,0.5953471660614014,320000,13342.677143042501
143,0.1341562271118164,0.2,0.01,1.561206340789795,0.5832328200340271,0.3395787179470062,0.23039253056049347,0.29046496748924255,0.13956370949745178,8.649706840515137e-05,13.795385723114016,0.582427349090576,-0.0540939801558852,-0.007377339341910558,0.01,1.3388947248458862,0.3395787179470062,0.5901592969894409,320000,13982.43983349718
144,0.1320296972990036,0.2,0.01,1.5375280380249023,0.5818694829940796,0.33893781900405884,0.23106679320335388,0.2904759347438812,0.13951949775218964,5.702435970306397e-05,13.778096523284912,0.5809674507379529,0.005680104186758399,0.0007468585012247808,0.01,1.3391176462173462,0.33893781900405884,0.5929566025733948,320000,14269.566411002641
145,0.1345483362674713,0.2,0.01,1.5595794916152954,0.5811325311660767,0.33825573325157166,0.2316833734512329,0.29042932391166687,0.13963156938552856,1.9331574440002434e-05,13.782243738174438,0.5805330783128738,-0.051411779522895815,-0.006923677050508558,0.01,1.339443325996399,0.33825573325157166,0.5902372598648071,320000,14609.037121351419
146,0.13483525812625885,0.2,0.01,1.5632814168930054,0.5783868432044983,0.3377456068992615,0.2324238270521164,0.290550172328949,0.13928043842315674,2.983748912811279e-05,13.778717861175537,0.5830530995130535,0.829319066889584,0.2563244514376855,0.01,1.339433193206787,0.3377456068992615,0.5936240553855896,320000,14999.867455342397
147,0.13436377048492432,0.2,0.01,1.5582069158554077,0.5799539685249329,0.3370336890220642,0.2329794466495514,0.2904501259326935,0.13953670859336853,0.0,13.78732647895813,0.5808831590414045,0.14098276116419586,0.01902200033538974,0.01,1.3398473262786865,0.3370336890220642,0.5921908617019653,320000,15019.598378630297
148,0.1314394474029541,0.2,0.01,1.5281753540039062,0.5805485844612122,0.3364145755767822,0.23361070454120636,0.2904439866542816,0.13953077793121338,3.0768513679504403e-05,13.779901638031006,0.5814843976497647,0.06217791925650091,0.008248891655821357,0.01,1.3400766849517822,0.3364145755767822,0.591675341129303,320000,15166.73012611414
149,0.13879160583019257,0.2,0.01,1.6226017475128174,0.583228588104248,0.33583205938339233,0.23425480723381042,0.29046446084976196,0.13944868743419647,9.827136993408202e-05,13.79328676223755,0.5843524241447448,0.021782028176821774,0.0029673633468337355,0.01,1.3402386903762817,0.33583205938339233,0.5953015089035034,320000,15145.59590899945
150,0.1340426206588745,0.2,0.01,1.5568716526031494,0.5821089148521423,0.3351801931858063,0.23484469950199127,0.2904126048088074,0.13956250250339508,1.6595125198364255e-05,13.78297025680542,0.5819635480642319,-0.04792316107079387,-0.006599843025906011,0.01,1.340541124343872,0.3351801931858063,0.5918933749198914,320000,14915.825732286423
151,0.13163718581199646,0.2,0.01,1.5308752059936523,0.5822515487670898,0.33459973335266113,0.23547185957431793,0.2904219329357147,0.1395064741373062,4.931926727294923e-05,13.78825608253479,0.5824889099597932,-0.031178444437682636,-0.004123093906091526,0.01,1.340714931488037,0.33459973335266113,0.5925840139389038,320000,15164.56223827214
152,0.13774554431438446,0.2,0.01,1.6081700325012207,0.5811216235160828,0.3339490592479706,0.23605148494243622,0.29036200046539307,0.13963747024536133,5.167126655578614e-06,13.782730789184566,0.5803147774934768,0.00511542190099135,0.0007418433265411321,0.01,1.3410234451293945,0.3339490592479706,0.5927615761756897,320000,15072.220425847856
153,0.13499824702739716,0.2,0.01,1.5669809579849243,0.5821772217750549,0.33328548073768616,0.23663337528705597,0.2902930676937103,0.13978810608386993,3.6174058914184577e-06,13.786503257751464,0.5829583096504211,-0.03459598280489445,-0.004658534419722854,0.01,1.341347098350525,0.33328548073768616,0.5933387279510498,320000,14866.505613452504
154,0.13313807547092438,0.2,0.01,1.5457960367202759,0.5827271342277527,0.33256199955940247,0.23717953264713287,0.29016655683517456,0.14009185135364532,0.0,13.782169742584228,0.5828137743473052,0.02255504318120073,0.0030531433827491105,0.01,1.3417768478393555,0.33256199955940247,0.5935925841331482,320000,15212.003001695664
155,0.1305648386478424,0.2,0.01,1.5206661224365234,0.5827368497848511,0.3318069577217102,0.23773673176765442,0.2900222837924957,0.14043404161930084,0.0,13.78525577545166,0.582853398323059,-0.018057373724877826,-0.002326601140666753,0.01,1.342239260673523,0.3318069577217102,0.5943925976753235,320000,15058.120707543952
156,0.12999585270881653,0.2,0.01,1.5124187469482422,0.5827456712722778,0.3314172625541687,0.23853808641433716,0.29022637009620667,0.1398182511329651,0.00015196621417999263,13.786422090530396,0.5832771307229995,0.061654021850554235,0.007959442712599409,0.01,1.3420034646987915,0.3314172625541687,0.595552384853363,320000,14817.420118517743
157,0.1284935027360916,0.2,0.01,1.4953492879867554,0.5821329951286316,0.33072739839553833,0.23905128240585327,0.2901003062725067,0.14012102782726288,0.0,13.786090717315673,0.5817071652412413,-0.06423649081028997,-0.008260809353087097,0.01,1.3424134254455566,0.33072739839553833,0.5926574468612671,320000,14733.122832646795
158,0.1290685385465622,0.2,0.01,1.5055476427078247,0.5829007625579834,0.33022865653038025,0.23970988392829895,0.2901622951030731,0.13989922404289246,0.000130244493484497,13.785400390625,0.5829878127574921,0.014561373417582226,0.0018681741580780908,0.01,1.342445731163025,0.33022865653038025,0.5955819487571716,320000,14853.001981175234
159,0.13346706330776215,0.2,0.01,1.5632036924362183,0.5822271704673767,0.3297460675239563,0.24033761024475098,0.2902167737483978,0.13969960808753967,3.260791301727294e-05,13.792747526168823,0.5815914720296858,-0.03109837804920972,-0.004133930500247516,0.01,1.3424839973449707,0.3297460675239563,0.5918719172477722,320000,15193.339250481844
160,0.13808871805667877,0.2,0.01,1.6049803495407104,0.5822345614433289,0.3293090760707855,0.24095125496387482,0.29028990864753723,0.13944977521896362,7.738351821899415e-05,13.790354108810424,0.5823900437355042,0.010306635051965713,0.001380716612911784,0.01,1.3424699306488037,0.3293090760707855,0.5927722454071045,320000,14904.32807382207
161,0.13364578783512115,0.2,0.01,1.5496867895126343,0.5812344551086426,0.3286917209625244,0.24141374230384827,0.2901793122291565,0.13971520960330963,0.0,13.784400014877319,0.5808562570810316,-0.0267580406088382,-0.0036646926612593235,0.01,1.342824101448059,0.3286917209625244,0.5911962985992432,320000,14770.546753885754
162,0.13261784613132477,0.2,0.01,1.53699791431427,0.5813412070274353,0.32811790704727173,0.2419227510690689,0.29011571407318115,0.1398436427116394,2.326488494873047e-05,13.785536499023438,0.5811895424127576,-0.002079970482736827,-0.00034242667141370475,0.01,1.3430819511413574,0.32811790704727173,0.5931904911994934,320000,15152.289237284045
163,0.13376735150814056,0.2,0.01,1.5649800300598145,0.5830078721046448,0.32760685682296753,0.24248525500297546,0.2901149392127991,0.1397930085659027,6.305873394012451e-05,13.78371078491211,0.5836274194717406,0.08745580462738868,0.011574619780294598,0.01,1.3432096242904663,0.32760685682296753,0.5930261611938477,320000,15056.05671654914
164,0.13387103378772736,0.2,0.01,1.5640021562576294,0.5822001695632935,0.32715609669685364,0.24307562410831451,0.29016193747520447,0.13960634171962738,0.00011607050895690922,13.789668102264404,0.5816698282957078,-0.05773305920534769,-0.007812970260565629,0.01,1.3432365655899048,0.32715609669685364,0.5947491526603699,320000,15102.94827436218
165,0.1360437572002411,0.2,0.01,1.5716742277145386,0.581511378288269,0.32670214772224426,0.2436123937368393,0.29018059372901917,0.1395048350095749,6.226658821105953e-05,13.782184324264527,0.5818072855472567,-0.06595006002695297,-0.009272805166983745,0.01,1.3433070182800293,0.32670214772224426,0.5924128293991089,320000,13465.186986578386
166,0.13114920258522034,0.2,0.01,1.5182557106018066,0.5802303552627563,0.3261656165122986,0.24408656358718872,0.2901180386543274,0.13962975144386292,1.6549229621887202e-05,13.787431993484496,0.5793391031026837,0.03082833065185696,0.0041258828778518355,0.01,1.3435440063476562,0.3261656165122986,0.5909070372581482,320000,14941.987325524686
167,0.12973706424236298,0.2,0.01,1.507402777671814,0.5813289284706116,0.3256209194660187,0.24456742405891418,0.2900523841381073,0.13975933194160461,1.0126233100891112e-05,13.781210746765137,0.5816967570781707,0.032124257599934945,0.004215016953457961,0.01,1.3437848091125488,0.3256209194660187,0.5911133885383606,320000,15372.100697370553
168,0.13078473508358002,0.2,0.01,1.529042363166809,0.582102358341217,0.32500091195106506,0.24500420689582825,0.2899179756641388,0.1400769203901291,0.0,13.786098833084106,0.5819405603408815,0.0018970721028745174,0.00025762573932297555,0.01,1.3441611528396606,0.32500091195106506,0.5913829803466797,320000,15170.163068676418
169,0.13104917109012604,0.2,0.01,1.521888017654419,0.5820233225822449,0.32450827956199646,0.2455531507730484,0.28991347551345825,0.1400250494480133,2.3119449615478515e-05,13.78055004119873,0.5822478407621384,-0.04205830635502934,-0.005538479899987578,0.01,1.3442715406417847,0.32450827956199646,0.5932579040527344,320000,15222.788003391624
170,0.13012179732322693,0.2,0.01,1.5134481191635132,0.5821013450622559,0.3240397274494171,0.24608248472213745,0.28991299867630005,0.139964759349823,3.876924514770505e-05,13.780839853286745,0.5825196576118469,0.00882815832737833,0.0011662664086907173,0.01,1.344367265701294,0.3240397274494171,0.5946520566940308,320000,15302.325984942014
171,0.13233008980751038,0.2,0.01,1.5353577136993408,0.5818324685096741,0.3237147629261017,0.24669285118579865,0.29003530740737915,0.1395570933818817,0.0001231610774993897,13.788756341934205,0.582573248744011,-0.01723299998207949,-0.002333884133840912,0.01,1.3442054986953735,0.3237147629261017,0.5949633121490479,320000,15281.543175524952
172,0.12950992584228516,0.2,0.01,1.5003714561462402,0.5803435444831848,0.3232893645763397,0.24717378616333008,0.2900356948375702,0.13950109481811523,8.409082889556884e-05,13.791367206573486,0.5800051480531692,-0.005259955599904065,-0.0006096405186690428,0.01,1.3442881107330322,0.3232893645763397,0.5900732278823853,320000,15044.25526083433
173,0.12961478531360626,0.2,0.01,1.5038563013076782,0.5817152857780457,0.3227887749671936,0.24761050939559937,0.2899690866470337,0.13963167369365692,3.158509731292724e-05,13.791863536834716,0.5826765400171283,0.00894559592008588,0.0011996733909472818,0.01,1.3445075750350952,0.3227887749671936,0.5935512185096741,320000,15125.170227251585
174,0.1309041976928711,0.2,0.01,1.5242490768432617,0.5823136568069458,0.322266161441803,0.24803945422172546,0.28988465666770935,0.13980969786643982,1.2943148612976075e-05,13.789825077056884,0.5825296586751938,0.012671357560902834,0.0016957216744776815,0.01,1.3447645902633667,0.322266161441803,0.5926429033279419,320000,15059.296957465618
175,0.13034828007221222,0.2,0.01,1.515070915222168,0.5817496180534363,0.32184070348739624,0.24854259192943573,0.28989192843437195,0.13972479104995728,3.284096717834472e-05,13.788664827346802,0.5814233160018921,-0.037037984314374627,-0.004842691867961548,0.01,1.3448231220245361,0.32184070348739624,0.5922036170959473,320000,15095.768368102832
176,0.1300247460603714,0.2,0.01,1.509049415588379,0.5811471343040466,0.32143330574035645,0.2490243911743164,0.28989937901496887,0.1396428793668747,1.4696121215820321e-05,13.790790348052978,0.581148208379745,0.06436525169759992,0.00839085609011818,0.01,1.344877004623413,0.32143330574035645,0.592231035232544,320000,14255.982273933518
177,0.13251447677612305,0.2,0.01,1.5416542291641235,0.5820260643959045,0.32087641954421997,0.24940060079097748,0.28976646065711975,0.1399565190076828,0.0,13.78574683189392,0.5824760502576826,-0.049964518161723384,-0.006599358653475064,0.01,1.3452194929122925,0.32087641954421997,0.5950918197631836,320000,13650.537378233737
178,0.1305532306432724,0.2,0.01,1.5193488597869873,0.5820980072021484,0.3204529881477356,0.24988384544849396,0.28976306319236755,0.1399000883102417,2.646028995513915e-05,13.78764102935791,0.5817843389511108,0.00855582166928797,0.001059993855888022,0.01,1.3452935218811035,0.3204529881477356,0.5931785106658936,320000,13626.469350047018
179,0.1287357062101364,0.2,0.01,1.495030164718628,0.581625759601593,0.3200335204601288,0.25035691261291504,0.2897563874721527,0.13985320925712585,1.9565224647521976e-05,13.786699390411377,0.5814061427116395,-0.021774268671870232,-0.002797879535355605,0.01,1.3453717231750488,0.3200335204601288,0.5932004451751709,320000,13723.7038922216
180,0.12822110950946808,0.2,0.01,1.4907357692718506,0.5818450450897217,0.31955641508102417,0.2507795989513397,0.28969094157218933,0.13997305929660797,6.918787956237794e-05,13.776506805419922,0.5822600519657135,0.013120642695575944,0.0016764296600013018,0.01,1.3455666303634644,0.31955641508102417,0.5928412675857544,320000,13664.968796265895
181,0.127664253115654,0.2,0.01,1.4884693622589111,0.5823812484741211,0.3191976249217987,0.25129789113998413,0.28973886370658875,0.1397656500339508,5.155801773071289e-05,13.791849946975708,0.5824781465530395,0.01909209144301713,0.0024470013036625464,0.01,1.345527172088623,0.3191976249217987,0.5944250822067261,320000,13937.421000343915
182,0.12897655367851257,0.2,0.01,1.5134838819503784,0.5813272595405579,0.3187500536441803,0.2517035901546478,0.2896815538406372,0.13986478745937347,1.4451742172241205e-05,13.787015752792358,0.5806532454490663,-0.02986622292548418,-0.003800686281174418,0.01,1.3456976413726807,0.3187500536441803,0.5916638970375061,320000,15265.244481828358
183,0.13178619742393494,0.2,0.01,1.530867099761963,0.5813044309616089,0.3182917833328247,0.25210127234458923,0.2896132469177246,0.13999368250370026,5.253732204437257e-05,13.772979049682617,0.581531024575234,-0.04171961194835603,-0.005535679126624018,0.01,1.3458905220031738,0.3182917833328247,0.5936785936355591,320000,15113.6780200589
184,0.13261017203330994,0.2,0.01,1.5426981449127197,0.581887423992157,0.31796717643737793,0.2526017427444458,0.2896713614463806,0.13975971937179565,3.680706024169921e-05,13.78559118270874,0.582902312874794,0.016641147891059475,0.002144676810421513,0.01,1.3458203077316284,0.31796717643737793,0.5952529907226562,320000,15127.542887822885
185,0.13310252130031586,0.2,0.01,1.5433810949325562,0.5815610885620117,0.317582905292511,0.2530277669429779,0.28965887427330017,0.13973043859004974,6.352186203002928e-05,13.781500883102417,0.5816935282945633,-0.028655032408423722,-0.0038052584484103134,0.01,1.345894694328308,0.317582905292511,0.5914718508720398,320000,14925.87435332627
186,0.12944890558719635,0.2,0.01,1.5044324398040771,0.5817126631736755,0.3171599507331848,0.2534125745296478,0.2896040380001068,0.13982336223125458,2.9858350753784163e-05,13.783956890106202,0.5816818541288377,0.014297421199735259,0.001896560814930126,0.01,1.3460499048233032,0.3171599507331848,0.5919654965400696,320000,15118.801752386873
187,0.1328834444284439,0.2,0.01,1.5631346702575684,0.5817140340805054,0.3168613016605377,0.2538817822933197,0.28966081142425537,0.139596089720726,1.3424158096313482e-05,13.784712448120118,0.5815175533294678,0.010493419893318787,0.0013546495942864572,0.01,1.3459739685058594,0.3168613016605377,0.593275249004364,320000,15206.262702548252
188,0.13762570917606354,0.2,0.01,1.598210334777832,0.5831442475318909,0.31650489568710327,0.25429049134254456,0.2896544635295868,0.13955014944076538,4.258275032043457e-05,13.78728014945984,0.5839674299955369,0.06730862678959967,0.009263297634897754,0.01,1.3460264205932617,0.31650489568710327,0.5958235263824463,320000,15142.965063735282
189,0.13586503267288208,0.2,0.01,1.5884582996368408,0.5834387540817261,0.3162626028060913,0.2547755837440491,0.28974974155426025,0.13921205699443817,0.00010816037654876707,13.78382830619812,0.5836965012550352,-0.016598875224590307,-0.002271486634272152,0.01,1.3458681106567383,0.3162626028060913,0.5941869020462036,320000,15263.25593344953
190,0.1328699290752411,0.2,0.01,1.5400868654251099,0.5815627574920654,0.31588125228881836,0.25512558221817017,0.28970131278038025,0.13929186761379242,2.121567726135254e-05,13.792442655563354,0.5807974421977999,-0.016247850097715857,-0.0022248299920465788,0.01,1.346001386642456,0.31588125228881836,0.5908448696136475,320000,14996.350625126675
191,0.13245730102062225,0.2,0.01,1.5408133268356323,0.5820654630661011,0.3154292106628418,0.25542446970939636,0.28958722949028015,0.1395590901374817,0.0,13.783271703720093,0.5822817045450206,-0.034457966648042196,-0.00455980768369045,0.01,1.3462705612182617,0.3154292106628418,0.5931130647659302,320000,14947.297744642667
192,0.1291624903678894,0.2,0.01,1.5007574558258057,0.582493782043457,0.3150221109390259,0.25577133893966675,0.28952059149742126,0.1396860033273697,2.9785037040710458e-05,13.78539665222168,0.5823423749208446,0.025804953603073947,0.003311910236952827,0.01,1.3464410305023193,0.3150221109390259,0.590862512588501,320000,15323.167149733636
193,0.12835793197155,0.2,0.01,1.497190237045288,0.5831891894340515,0.31467723846435547,0.25617146492004395,0.2895142436027527,0.1396370530128479,5.775511264801027e-05,13.785093488693237,0.5837907499074939,-0.005650211153551927,-0.0007389154029078788,0.01,1.3464841842651367,0.31467723846435547,0.5945174098014832,320000,15258.156300141633
194,0.130844846367836,0.2,0.01,1.5361340045928955,0.582686185836792,0.314361572265625,0.2565732002258301,0.28952527046203613,0.1395399421453476,6.103873252868652e-05,13.783332481384278,0.5821416771411898,0.02786764916032553,0.0036306751798838377,0.01,1.3464994430541992,0.314361572265625,0.5944070816040039,320000,15217.927080518142
195,0.1310570240020752,0.2,0.01,1.5260814428329468,0.5819082856178284,0.3141462504863739,0.2570439279079437,0.2896256446838379,0.13918419182300568,7.237315177917479e-05,13.7880859375,0.5814631438255309,-0.01320409782230855,-0.0017414822513819677,0.01,1.3463029861450195,0.3141462504863739,0.5933758616447449,320000,15186.090862175768
196,0.12969358265399933,0.2,0.01,1.503942847251892,0.580980122089386,0.3137757182121277,0.25736409425735474,0.28956669569015503,0.13929355144500732,1.525461673736573e-05,13.788009786605835,0.5805975621938705,-0.07172336455434562,-0.009358778254827482,0.01,1.3464499711990356,0.3137757182121277,0.5914542078971863,320000,14940.531791973917
197,0.12849387526512146,0.2,0.01,1.4911822080612183,0.5812164545059204,0.3133971095085144,0.2576836049556732,0.28950178623199463,0.13941746950149536,1.7684698104858388e-05,13.785716257095338,0.5815749567747114,-0.005367502076551329,-0.0006998976081376895,0.01,1.3466081619262695,0.3133971095085144,0.5910620093345642,320000,15121.169689479688
198,0.12981455028057098,0.2,0.01,1.5121164321899414,0.5821994543075562,0.31300902366638184,0.25800421833992004,0.2894313931465149,0.13955537974834442,2.9039382934570298e-05,13.783169641494752,0.5824040150642393,0.04848759036511182,0.006229930592235179,0.01,1.3467774391174316,0.31300902366638184,0.5921589136123657,320000,15034.355180858502
199,0.12870892882347107,0.2,0.01,1.4986047744750977,0.5827160477638245,0.31260257959365845,0.2583155035972595,0.2893450856208801,0.13973687589168549,1.8501281738281255e-05,13.77955174446106,0.5828412413597106,-0.021078986809588977,-0.002722496095229872,0.01,1.3469810485839844,0.31260257959365845,0.593319833278656,320000,15053.81819890724
200,0.13258492946624756,0.2,0.01,1.5412545204162598,0.5834722518920898,0.3122333586215973,0.25865986943244934,0.2892949879169464,0.13981175422668457,9.81682538986206e-05,13.78354437828064,0.5835751372575756,0.0242497024592012,0.003111680862493816,0.01,1.3470983505249023,0.3122333586215973,0.5936776399612427,320000,15033.496691807484
