epoch,ade,fde,best_ade,train_loss,train_risk_score,compw_entropy_snapshot,risk_global_scale,risk_weight,compw_risk_min_dist,compw_risk_ttc,compw_risk_pet,compw_risk_overlap,compw_entropy,compw_max,risk_score,risk_scaled,summary_loss,compw_risk_min_dist_norm,compw_risk_ttc_norm,compw_risk_pet_norm,compw_risk_overlap_norm
1,,,,341.0847,1.3131,1.3348,536.2085571289062,0.005,0.3665275573730469,0.1415445208549499,0.2484164237976074,0.2435115426778793,1.334559202194214,0.3665275573730469,1.0046387849934395,498.6197239518168,,0.36652754098798895,0.141544514527417,0.24841641269252837,0.24351153179206556
2,,,,142.547,0.045,1.3345,173.17703247070312,0.01,0.3682901561260223,0.142225444316864,0.2496102899312973,0.2398740947246551,1.334148645401001,0.3682901561260223,-0.1026373577257618,-20.588472014665605,,0.3682901616139733,0.1422254464361883,0.24961029365078052,0.2398740982990577
3,,,,62.8537,-0.3794,1.3341,60.02853012084961,0.015,0.3700042963027954,0.142892375588417,0.2507758140563965,0.2363274544477462,1.3336819410324097,0.3700042963027954,-0.4477149653062225,-38.78683455348017,,0.3700043183567714,0.1428923841054668,0.25077582900380074,0.23632746853396103
4,,,,16.5553,-0.4429,1.3336,21.154226303100582,0.02,0.3716877698898315,0.1435475200414657,0.2519190609455108,0.2328456938266754,1.333155870437622,0.3716877698898315,-0.3945707425719593,-12.883752984777091,,0.3716877532740942,0.1435475136243918,0.25191904968385176,0.23284568341766226
5,,,,11.2371,-0.1969,1.3331,8.858896255493164,0.025,0.3733487725257873,0.1441946625709533,0.2530480325222015,0.2294085770845413,1.3325705528259275,0.3733487725257873,-0.1884483521711081,-2.4803415448963637,,0.3733487558357974,0.14419465612494992,0.25304802121007347,0.22940856682917923
6,,,,8.5013,-0.1545,1.3325,4.30745267868042,0.03,0.374985933303833,0.1448333263397216,0.254161536693573,0.2260192632675171,1.3319287300109863,0.374985933303833,-0.1352307999238837,-0.7830236684903502,,0.374985910952931,0.14483331770698316,0.2541615215443658,0.22601924979572
7,,,,6.0181,-0.2252,1.3318,2.3924760818481445,0.035,0.3765945732593536,0.1454619467258453,0.2552563846111297,0.22268708050251,1.3312342166900637,0.3765945732593536,-0.1447075325995683,-0.4849927330017092,,0.37659457887105025,0.1454619488933973,0.2552563884147464,0.22268708382080618
8,,,,5.228,-0.102,1.3311,1.5357084274291992,0.04,0.3781811594963074,0.1460830271244049,0.2563373744487762,0.2193983942270279,1.3304866552352903,0.3781811594963074,-0.0560517544625327,-0.1082538703083992,,0.3781811764023234,0.14608303365482542,0.2563373859079503,0.21939840403490085
9,,,,4.9122,-0.0849,1.3304,1.185382843017578,0.045,0.3797452449798584,0.1466961354017257,0.2574036717414856,0.2161549478769302,1.3296880722045898,0.3797452449798584,-0.0899798670783638,-0.1114902161713689,,0.3797452449798584,0.1466961354017257,0.2574036717414856,0.2161549478769302
10,,,,5.9536,-0.0301,1.3295,1.0309101343154907,0.05,0.3812829554080963,0.1473002135753631,0.2584534287452698,0.2129633426666259,1.3288427591323853,0.3812829554080963,-0.0310296130995266,-0.0331031695660203,5.0775,0.3812829781343328,0.14730022235514054,0.25845344415029553,0.21296335536023106
11,,,,4.2451,-0.0579,1.3287,0.8284047842025757,0.055,0.3827986121177673,0.1478967666625976,0.259488970041275,0.2098156511783599,1.327950358390808,0.3827986121177673,-0.0388223378360271,-0.0341206419095397,,0.3827986121177674,0.14789676666259763,0.2594889700412751,0.20981565117835996
12,,,,4.371,-0.0464,1.3278,0.7032570242881775,0.06,0.3842939734458923,0.1484862118959427,0.2605113089084625,0.2067084610462188,1.3270113468170166,0.3842939734458923,-0.0396749197994358,-0.0306480799964629,,0.38429399062517244,0.14848621853379393,0.2605113205542261,0.20670847028680753
13,,,,3.8024,-0.1162,1.3268,0.6330233216285706,0.065,0.3857654929161072,0.1490674316883087,0.261518269777298,0.2036488354206085,1.3260300159454346,0.3857654929161072,-0.0245000615436583,-0.0164548221905715,,0.3857654814193999,0.14906742724575317,0.2615182619834464,0.20364882935140044
14,,,,3.8218,0.0035,1.3258,0.6185153722763062,0.07,0.3872125446796417,0.1496404260396957,0.262509822845459,0.2006371915340423,1.3250086307525637,0.3872125446796417,-0.0166381506994366,-0.0101548057235777,,0.3872125504495584,0.14964042826951185,0.2625098267571602,0.2006371945237695
15,,,,4.2299,0.1173,1.3249,0.5311457514762878,0.075,0.3886366486549377,0.1502056419849395,0.2634869813919067,0.1976707428693771,1.3239481449127195,0.3886366486549377,-0.0315958570851944,-0.0166226409957744,,0.3886366428638005,0.15020563974670106,0.2634869774656448,0.1976707399238536
16,,,,3.3604,0.0261,1.3237,0.4610689878463745,0.08,0.3900405764579773,0.1507637798786163,0.2644508779048919,0.1947448253631591,1.3228486776351929,0.3900405764579773,-0.0333277314994484,-0.0155035019572824,,0.3900405532097487,0.1507637708923953,0.2644508621423922,0.19474481375546365
17,,,,3.2791,-0.1057,1.3226,0.4138023257255554,0.085,0.3914247155189514,0.1513151675462722,0.26540207862854,0.1918580532073974,1.3217110633850098,0.3914247155189514,-0.0053927718102931,-0.0024250550195574,,0.3914247096862688,0.15131516529150055,0.26540207467374094,0.1918580503484897
18,,,,3.0121,0.0223,1.3215,0.3691908121109009,0.09,0.3927857875823974,0.1518587917089462,0.2663387656211853,0.1890167146921157,1.320539951324463,0.3927857875823974,-0.0119776713545434,-0.004619081528508,,0.39278576417054156,0.15185878265745745,0.2663387497461588,0.1890167034258423
19,,,,3.1643,-0.0852,1.3203,0.3550656139850616,0.095,0.3941274285316467,0.1523957252502441,0.2672627866268158,0.1862140297889709,1.319333791732788,0.3941274285316467,-0.0073895109281875,-0.0028439979051472,,0.3941274402775598,0.1523957297919908,0.2672627945918678,0.18621403533858163
20,,,,2.9935,-0.0844,1.3191,0.3654578626155853,0.1,0.3954489827156067,0.1529259085655212,0.2681744992733001,0.1834506094455719,1.3180948495864868,0.3954489827156067,0.0255665476014837,0.0097443547775037,3.3635,0.3954489827156067,0.1529259085655212,0.2681744992733001,0.1834506094455719
21,,,,3.1628,-0.0808,1.3179,0.349630057811737,0.105,0.3967498242855072,0.1534492075443267,0.2690728902816772,0.1807280480861663,1.3168253898620603,0.3967498242855072,-0.0227380658872425,-0.0081228168145753,,0.3967498361095739,0.15344921211746965,0.26907289830067455,0.18072805347228207
22,,,,3.4168,-0.0146,1.3167,0.3328285813331604,0.11,0.3980302214622497,0.1539655327796936,0.2699581682682037,0.1780460625886917,1.3155264854431152,0.3980302214622497,-0.0488331750745419,-0.016753643490083,,0.3980302273933623,0.15396553507395885,0.2699581722908939,0.17804606524178482
23,,,,2.9307,-0.0064,1.3153,0.3135508298873901,0.115,0.3992924094200134,0.1544756293296814,0.2708317935466766,0.1754001379013061,1.3141978979110718,0.3992924094200134,0.0062563055505233,0.0017893157589423,,0.3992924213198549,0.15447563393341404,0.2708318016180932,0.17540014312863772
24,,,,2.9758,0.0853,1.3139,0.3100857436656952,0.12,0.400536447763443,0.1549797058105468,0.271694153547287,0.1727896183729171,1.312840461730957,0.400536447763443,0.00804307510145,0.0028094926499761,,0.4005364776057362,0.15497971735743557,0.27169417379008043,0.17278963124674787
25,,,,2.7813,0.0706,1.3126,0.2920471131801605,0.125,0.4017613232135772,0.1554774194955825,0.2725441753864288,0.1702170222997665,1.3114571571350098,0.4017613232135772,0.0261323281098157,0.0075950345874298,,0.40176134716041967,0.15547742876275944,0.2725441916313286,0.1702170324454923
26,,,,2.6621,0.0242,1.3112,0.2645612359046936,0.13,0.402966558933258,0.1559685468673706,0.2733817100524902,0.1676831543445587,1.3100497722625732,0.402966558933258,-0.0205702165327966,-0.0056098860164638,,0.40296657094259763,0.15596855151559566,0.27338171819990026,0.16768315934190625
27,,,,2.9242,0.0592,1.3098,0.2537609338760376,0.135,0.4041540920734405,0.1564537733793258,0.2742080688476562,0.1651840955018997,1.3086175918579102,0.4041540920734405,0.0268976753391325,0.0068268909538164,,0.4041540800287104,0.15645376871664018,0.2742080606756192,0.16518409057903022
28,,,,2.807,-0.0366,1.3083,0.2423701286315918,0.14,0.405322790145874,0.1569328010082245,0.2750225663185119,0.1627218276262283,1.3071632385253906,0.405322790145874,-0.0551773453690111,-0.0134873933845665,,0.40532279618565437,0.15693280334670548,0.27502257041666756,0.16272183005097252
29,,,,2.8019,-0.0757,1.3069,0.2375916987657547,0.145,0.4064740836620331,0.1574058830738067,0.2758258283138275,0.1602941900491714,1.305686593055725,0.4064740836620331,-0.002085324631771,-0.0005756383901461,,0.40647408971896903,0.15740588541933717,0.2758258324239527,0.16029419243774098
30,,,,3.1377,-0.1258,1.3054,0.2393069416284561,0.15,0.4076056778430938,0.1578726917505264,0.2766167819499969,0.1579048037528991,1.3041915893554688,0.4076056778430938,-0.0268046465571387,-0.0062128299430332,2.8853,0.4076056960644885,0.15787269880798604,0.27661679431573133,0.15790481081179425
31,,,,2.7495,-0.0454,1.3039,0.2260660231113433,0.155,0.4087224900722503,0.1583343595266342,0.2773983776569366,0.1555447876453399,1.3026736974716189,0.4087224900722503,-0.0376000749785453,-0.0085779655171791,,0.40872248398181077,0.15833435716726846,0.27739837352337876,0.155544785327542
32,,,,2.7562,-0.0685,1.3025,0.2265219241380691,0.16,0.4098198711872101,0.1587897837162017,0.2781679034233093,0.15322245657444,1.3011398315429688,0.4098198711872101,-0.0234133054548874,-0.0055248678370844,,0.40981986508041823,0.15878978135004956,0.2781678992782846,0.1532224542912475
33,,,,2.6221,0.1101,1.3008,0.2129944264888763,0.165,0.4109032452106476,0.1592405289411544,0.2789286375045776,0.1509276330471038,1.2995840311050415,0.4109032452106476,0.0421201543882489,0.0093307542975526,,0.410903226841842,0.1592405218225484,0.2789286250354964,0.15092762630011317
34,,,,2.6249,-0.0646,1.2993,0.2099886387586593,0.17,0.4119666814804077,0.1596851199865341,0.2796768248081207,0.1486713737249374,1.298015832901001,0.4119666814804077,-0.0481810250412672,-0.0099335163854993,,0.4119666814804077,0.1596851199865341,0.2796768248081207,0.1486713737249374
35,,,,2.8439,0.1716,1.2977,0.2090616524219513,0.175,0.4130167067050934,0.1601250916719436,0.2804165780544281,0.1464416533708572,1.296425461769104,0.4130167067050934,0.0150535693885467,0.0029872236636583,,0.4130166943962367,0.16012508689984414,0.28041656969736306,0.14644164900655599
36,,,,2.4511,0.0686,1.2961,0.1915763467550277,0.18,0.4140344858169555,0.1605559885501861,0.2811371684074402,0.1442723274230957,1.2948455810546875,0.4140344858169555,0.0379813286708667,0.0076126015756744,,0.4140344981561451,0.1605559933351276,0.281137176785981,0.14427233172274626
37,,,,2.3343,-0.112,1.2946,0.1812063455581665,0.185,0.4148502945899963,0.1609388291835785,0.2817442119121551,0.1424666047096252,1.2935247421264648,0.4148502945899963,-0.015306970544625,-0.0029428509299759,,0.4148503193170022,0.16093883877628082,0.28174422870541976,0.14246661320129705
38,,,,3.0002,-0.0195,1.2934,0.1873373687267303,0.19,0.415241539478302,0.1612254232168197,0.2821151912212372,0.1414179354906082,1.2928051948547363,0.415241539478302,-0.0065305978059768,-0.0013136925501748,,0.41524150235281865,0.16122540880214487,0.2821151659981758,0.1414179228468606
39,,,,2.4727,-0.0371,1.2927,0.1794935464859008,0.195,0.4154151678085327,0.1614678353071212,0.2823691964149475,0.1407477706670761,1.2924073934555054,0.4154151678085327,-0.0415352649195119,-0.0074763921432895,,0.41541518018886986,0.16146784011923784,0.2823692048302056,0.1407477748616867
40,,,,2.6117,-0.117,1.2924,0.1746496856212616,0.2,0.4155264496803283,0.1617034822702407,0.2825942039489746,0.1401758342981338,1.2920947074890137,0.4155264496803283,0.0261589244171045,0.0046051294280914,2.4763,0.41552646206398197,0.16170348708938018,0.2825942123709385,0.14017583847569937
41,,,,2.5296,0.0026,1.2921,0.175581082701683,0.2,0.4154464900493622,0.1619036793708801,0.2827187776565552,0.1399310678243637,1.292063593864441,0.4154464900493622,-0.0277058643678901,-0.0048646630786242,,0.4154464838587272,0.1619036769583273,0.28271877344371715,0.13993106573922834
42,,,,2.5182,-0.0321,1.292,0.1702962964773178,0.2,0.4154428541660309,0.1621314287185669,0.2828936278820038,0.139532133936882,1.291912317276001,0.4154428541660309,-0.0083760634250938,-0.0014735175785608,,0.4154428355942889,0.16213142147072757,0.2828936152356737,0.1395321276993098
43,,,,2.6206,0.093,1.2919,0.1757526248693466,0.2,0.4152881503105163,0.1623339354991912,0.2829908430576324,0.1393870562314987,1.2919785976409912,0.4152881503105163,-0.0028332079946994,-0.0005556662520393,,0.41528815649879214,0.16233393791815542,0.28299084727452467,0.13938705830852774
44,,,,2.5559,0.0537,1.292,0.1712648570537567,0.2,0.4150861203670501,0.1625367105007171,0.2830698490142822,0.139307290315628,1.2921124696731567,0.4150861203670501,0.0285554093727841,0.0051213551941327,,0.41508613273758094,0.16253671534468875,0.28306985745042146,0.13930729446730894
45,,,,2.3777,0.0589,1.2921,0.169182687997818,0.2,0.4148978590965271,0.1627543121576309,0.2831652164459228,0.1391826122999191,1.292216181755066,0.4148978590965271,-0.020660571657354,-0.0033995885608601,,0.4148978590965271,0.1627543121576309,0.2831652164459228,0.1391826122999191
46,,,,2.4277,-0.0379,1.2923,0.1885753870010376,0.2,0.4146894216537475,0.162979856133461,0.2832584679126739,0.1390722095966339,1.2923434972763062,0.4146894216537475,0.0460017549060285,0.0085262078978121,,0.4146894401918101,0.16297986341922865,0.2832584805753147,0.13907221581364643
47,,,,2.4834,-0.1059,1.2924,0.180545836687088,0.2,0.4144322574138641,0.1632062792778015,0.283332884311676,0.1390285044908523,1.2925344705581665,0.4144322574138641,-0.0420576262846589,-0.0079428343242034,,0.4144322882914757,0.1632062914376178,0.2833329054216225,0.13902851484928386
48,,,,2.344,-0.0607,1.2926,0.1817125976085662,0.2,0.4141887724399566,0.1634493321180343,0.2834251224994659,0.1389368176460266,1.292696475982666,0.4141887724399566,-0.000482680723071,-3.072832594625874e-05,,0.41418875392427656,0.16344932481128013,0.2834251098293762,0.13893681143506717
49,,,,2.7191,0.1028,1.2927,0.1804283708333969,0.2,0.4139557480812073,0.1637086570262909,0.2835334241390228,0.1388022303581237,1.2928285598754885,0.4139557480812073,-0.008520551030524,-0.0017090883688069,,0.4139557234075234,0.16370864726849513,0.2835334072391148,0.13880222208486656
50,,,,2.2922,0.0619,1.2929,0.1745330244302749,0.2,0.413661926984787,0.1639676392078399,0.2836171388626098,0.138753280043602,1.2930492162704468,0.413661926984787,-0.0646600385941565,-0.0112506999151082,2.4,0.41366193314883015,0.16396764165114816,0.28361714308883457,0.138753282111187
51,,,,2.2622,-0.0308,1.2931,0.1693794280290603,0.2,0.4133611917495727,0.1642400622367859,0.283707708120346,0.1386909782886505,1.2932651042938232,0.4133611917495727,0.0134503593551926,0.0022426955989794,,0.41336121638782114,0.16424007202625704,0.2837077250306442,0.1386909865552775
52,,,,2.6582,0.0467,1.2933,0.1795992851257324,0.2,0.4129946231842041,0.1645119488239288,0.2837710678577423,0.1387224048376083,1.2935727834701538,0.4129946231842041,0.0406132994819199,0.0071902346267597,,0.4129946047219066,0.16451194146967194,0.2837710551721876,0.13872239863623384
53,,,,2.4121,0.0128,1.2936,0.1664108633995056,0.2,0.4126531779766083,0.1648068279027938,0.2838612496852875,0.1386787444353103,1.2938299179077148,0.4126531779766083,-0.0423001448903232,-0.0073007621639408,,0.4126531779766084,0.16480682790279383,0.28386124968528753,0.13867874443531034
54,,,,2.1761,-0.0699,1.2939,0.1652655899524688,0.2,0.4123532772064209,0.1651304066181183,0.2839890718460083,0.1385273039340973,1.2940162420272827,0.4123532772064209,-0.0127954651322215,-0.0021190260653384,,0.41235325262825173,0.16513039677557964,0.28398905491894155,0.13852729567722705
55,,,,2.3449,0.0308,1.294,0.1619763672351837,0.2,0.4119511842727661,0.1654431819915771,0.2840667068958282,0.1385390013456344,1.294336199760437,0.4119511842727661,0.0343223299458623,0.0056547793699428,,0.4119511535800134,0.1654431696651004,0.2840666857312108,0.13853899102367523
56,,,,2.2997,0.0493,1.2944,0.1600826531648636,0.2,0.4115385413169861,0.1657725423574447,0.2841517329216003,0.1385371387004852,1.2946654558181765,0.4115385413169861,-0.0300854608416557,-0.0047665214049629,,0.41153855971419334,0.16577254976805517,0.28415174562417317,0.13853714489357818
57,,,,2.2746,0.0093,1.2947,0.1630243211984634,0.2,0.4111189246177673,0.1661197394132614,0.284246414899826,0.1385149359703064,1.2949992418289185,0.4111189246177673,0.0131001148372888,0.0020724082156084,,0.411118918491618,0.16611973693788443,0.2842464106642244,0.13851493390627304
58,,,,2.3298,0.1142,1.295,0.1609716117382049,0.2,0.4106605052947998,0.1664758622646331,0.2843306362628937,0.1385330110788345,1.2953639030456543,0.4106605052947998,-0.0032331797666847,-0.000494774072431,,0.4106604991754816,0.16647585978394952,0.28433063202603714,0.13853300901453183
59,,,,2.1461,-0.1091,1.2954,0.154241532087326,0.2,0.410192459821701,0.1668516546487808,0.2844245135784149,0.1385314166545868,1.2957355976104736,0.410192459821701,-0.0576927593971413,-0.0090739950036186,,0.41019244148466993,0.16685164718993092,0.2844245008636489,0.13853141046175016
60,,,,2.3932,0.1014,1.2958,0.1688314974308014,0.2,0.4097070693969726,0.1672438383102417,0.2845224440097809,0.1385266929864883,1.2961182594299316,0.4097070693969726,0.0468216629698872,0.0073492557027202,2.4677,0.4097070510816402,0.16724383083385985,0.28452243129063703,0.13852668679386282
61,,,,2.243,0.0597,1.2962,0.1618524193763733,0.2,0.4092327952384949,0.1676609367132187,0.284642606973648,0.1384636163711547,1.2964667081832886,0.4092327952384949,-0.0647344124130904,-0.0106100329314358,,0.4092328135326273,0.16766094420824698,0.28464261969816473,0.138463622560961
62,,,,2.1915,-0.0939,1.2965,0.154924601316452,0.2,0.4086810350418091,0.1680780053138733,0.2847281098365783,0.1385128796100616,1.2969213724136353,0.4086810350418091,-0.0157491543702781,-0.0024901360849617,,0.4086810228621655,0.16807800030475853,0.28472810135101967,0.1385128754820562
63,,,,2.1226,0.023,1.297,0.1499273926019668,0.2,0.4081371128559112,0.1685207337141037,0.2848351597785949,0.1385070383548736,1.2973459959030151,0.4081371128559112,0.0302214115357492,0.0045199668966233,,0.4081370946107613,0.16852072618064018,0.2848351470454716,0.13850703216312676
64,,,,2.1469,-0.0864,1.2974,0.1555445194244384,0.2,0.4075205624103546,0.1689682751893997,0.2849122583866119,0.1385989040136337,1.2978702783584597,0.4075205624103546,-0.0714947610720992,-0.0106251137075014,,0.4075205624103546,0.1689682751893997,0.2849122583866119,0.1385989040136337
65,,,,2.171,0.0842,1.2979,0.1535536795854568,0.2,0.406949907541275,0.1694522947072982,0.285035490989685,0.1385622918605804,1.2982969284057615,0.406949907541275,0.0322694769548252,0.0050013762625167,,0.40694991360530136,0.16945229723233424,0.2850354952370449,0.1385622939253195
66,,,,2.2681,0.039,1.2984,0.1579459011554718,0.2,0.4062635600566864,0.1699299365282058,0.2851001322269439,0.1387063264846801,1.2988920211791992,0.4062635600566864,0.0344442541955504,0.0053032574005919,,0.40626357821808373,0.1699299441246663,0.28510014497191366,0.13870633268533641
67,,,,2.1904,-0.0653,1.299,0.1586268991231918,0.2,0.4056062400341034,0.1704449653625488,0.2852040529251098,0.1387447118759155,1.2994219064712524,0.4056062400341034,0.0008224961021915,0.0001475725701311,,0.40560625212211165,0.17044497044220475,0.2852040614248532,0.13874471601083024
68,,,,2.1999,-0.0993,1.2995,0.1559136658906936,0.2,0.4048910140991211,0.1709698587656021,0.2852862775325775,0.1388528645038604,1.3000156879425049,0.4048910140991211,-0.0203544960162253,-0.0032452750646916,,0.40489100806577494,0.17096985621795271,0.28528627328148076,0.1388528624347915
69,,,,2.097,-0.0435,1.3001,0.152595654129982,0.2,0.4041593968868255,0.1715224981307983,0.2853792905807495,0.1389388740062713,1.3006160259246826,0.4041593968868255,0.0146886693779379,0.0021951398334931,,0.4041593727970497,0.17152248790726138,0.2853792735708193,0.1389388657248696
70,,,,2.2937,-0.1135,1.3007,0.1541341096162796,0.2,0.4035485386848449,0.1721350401639938,0.2855729162693023,0.1387434750795364,1.3009974956512451,0.4035485386848449,-0.044306450492586,-0.0068584073292731,2.2261,0.403548550711529,0.17213504529401796,0.28557292478003876,0.13874347921441435
71,,,,2.1404,0.038,1.3011,0.1561118364334106,0.2,0.4028639197349548,0.1727414578199386,0.2857248187065124,0.138669803738594,1.3014888763427734,0.4028639197349548,0.0261105423164553,0.0039393327460857,,0.4028639197349549,0.17274145781993863,0.28572481870651245,0.13866980373859403
72,,,,2.1728,0.076,1.3016,0.151739165186882,0.2,0.4020977020263672,0.1733454912900924,0.285833328962326,0.1387234628200531,1.302090406417847,0.4020977020263672,-0.0182599710486829,-0.00275408024434,,0.40209770801808997,0.17334549387314155,0.28583333322157456,0.1387234648871938
73,,,,2.1145,0.0353,1.3022,0.1535749733448028,0.2,0.4012700319290161,0.173960343003273,0.2859169542789459,0.1388527154922485,1.302775502204895,0.4012700319290161,-0.0227774921653326,-0.0034898942992731,,0.4012700139908486,0.17396033522664003,0.2859169414974626,0.1388527092850487
74,,,,2.2196,0.0694,1.3028,0.1519841104745865,0.2,0.4004712104797363,0.1746119707822799,0.2860395610332489,0.138877272605896,1.303389310836792,0.4004712104797363,0.0295748770004138,0.0044910171144874,,0.4004712045122503,0.17461196818035882,0.28603955677092735,0.1388772705364634
75,,,,2.1121,0.0159,1.3034,0.1498701572418213,0.2,0.3997746109962463,0.1753111481666565,0.2862477302551269,0.1386665850877761,1.3038060665130615,0.3997746109962463,0.0041494392463937,0.0006575413397513,,0.3997745812107189,0.17531113510495908,0.28624770892801066,0.1386665747563112
76,,,,2.4987,-0.0975,1.3039,0.1566783040761947,0.2,0.3989618718624115,0.1759952157735824,0.2863828837871551,0.1386600583791732,1.3044068813323977,0.3989618718624115,-0.01502879277803,-0.0023198005382437,,0.3989618599724215,0.1759952105285164,0.28638287525228034,0.13866005424678154
77,,,,2.305,-0.0549,1.3045,0.1540473848581314,0.2,0.3981095552444458,0.1766864657402038,0.2865003049373626,0.1387036889791488,1.305060625076294,0.3981095552444458,-0.0439031721651554,-0.0069557308848015,,0.39810954931215126,0.17668646310737032,0.28650030066817544,0.1387036869123028
78,,,,2.05,-0.0105,1.3051,0.1537869870662689,0.2,0.3972496390342712,0.1773978769779205,0.2866258323192596,0.1387267261743545,1.3056950569152832,0.3972496390342712,-0.0004625708982348,-9.086365927942124e-05,,0.39724960943686893,0.17739786376074973,0.2866258109639726,0.13872671583840876
79,,,,2.1317,0.0898,1.3058,0.1508446037769317,0.2,0.3962735831737518,0.1781018376350402,0.2866796851158142,0.1389448195695877,1.3065063953399658,0.3962735831737518,-0.026678245011717,-0.0040019457403104,,0.3962736126984367,0.17810185090466216,0.2866797064751168,0.13894482992178425
80,,,,2.2625,-0.0071,1.3066,0.1480902880430221,0.2,0.3953463137149811,0.1788556724786758,0.2867937982082367,0.139004185795784,1.3072129487991333,0.3953463137149811,0.0522591901198029,0.0079747319687157,2.1187,0.3953463254972197,0.17885567780899037,0.2867938067553582,0.13900418993843167
81,,,,2.1576,-0.0461,1.3073,0.1512065380811691,0.2,0.3944193124771118,0.1796324104070663,0.2869218587875366,0.1390264183282852,1.307883381843567,0.3944193124771118,-0.0119269521627575,-0.0017570387793239,,0.3944193124771118,0.1796324104070663,0.2869218587875366,0.1390264183282852
82,,,,2.04,0.0015,1.308,0.1460385471582412,0.2,0.3934331238269806,0.1804153025150299,0.2870174050331116,0.1391341239213943,1.3086388111114502,0.3934331238269806,-0.0007471904344856,-0.0001463456451892,,0.39343314141481256,0.18041531058022278,0.28701741786379,0.1391341301411746
83,,,,2.1047,0.01,1.3088,0.1588679254055023,0.2,0.3926241397857666,0.1812658309936523,0.2872613072395324,0.138848677277565,1.3090789318084717,0.3926241397857666,0.0147813398545258,0.0018585708098544,,0.39262415733743417,0.18126583909686675,0.2872613200811141,0.13884868348458484
84,,,,2.1769,-0.0827,1.3092,0.1510847061872482,0.2,0.3916359841823578,0.1820546686649322,0.2873526513576507,0.138956606388092,1.309826135635376,0.3916359841823578,0.0004871194995939,-6.17196212988358e-05,,0.3916360191973465,0.18205468494188942,0.28735267704898204,0.13895661881178187
85,,,,2.0931,-0.0507,1.31,0.1465700417757034,0.2,0.3905591070652008,0.1828441172838211,0.2873879075050354,0.1392088085412979,1.3106993436813354,0.3905591070652008,-0.1045130801293999,-0.0154955383081687,,0.39055913034433903,0.1828441281821804,0.28738792463469054,0.13920881683879
86,,,,2.0789,0.0344,1.3109,0.1435007005929947,0.2,0.3895140886306762,0.1836844235658645,0.2874753773212433,0.1393261551856994,1.311481475830078,0.3895140886306762,0.0341611830645706,0.0049961234039074,,0.38951407121804044,0.1836844153545313,0.2874753644700931,0.13932614895733522
87,,,,2.144,0.0294,1.3116,0.1508970558643341,0.2,0.3885934948921203,0.1845778971910476,0.2876733839511871,0.1391552090644836,1.3120346069335938,0.3885934948921203,0.0497381228953599,0.0073547602398321,,0.3885935006826148,0.1845778999414727,0.28767338823785465,0.13915521113805784
88,,,,2.0315,-0.0296,1.3122,0.1441478580236435,0.2,0.3876933455467224,0.1854594945907592,0.2878699004650116,0.1389772593975067,1.3125759363174438,0.3876933455467224,-0.1076440279372036,-0.0157608412310946,,0.38769334554672247,0.18545949459075922,0.28786990046501165,0.13897725939750674
89,,,,2.0032,0.1128,1.3126,0.1437547951936721,0.2,0.3867329061031341,0.1863091886043548,0.2880022823810577,0.1389555782079696,1.313204646110535,0.3867329061031341,0.0221963638439774,0.0031321356695843,,0.38673292339144305,0.18630919693302497,0.28800229525576365,0.13895558441976832
90,,,,2.1161,-0.05,1.3133,0.1427616775035858,0.2,0.3856272995471954,0.1871297508478164,0.2880197465419769,0.1392231881618499,1.314078688621521,0.3856272995471954,0.0079832743760198,0.0011618094763252,2.0564,0.38562730529349015,0.1871297536362671,0.2880197508338057,0.13922319023643714
91,,,,2.0176,-0.2218,1.3142,0.1413233578205108,0.2,0.3844966888427734,0.1879862546920776,0.2880416214466095,0.1394754201173782,1.3149683475494385,0.3844966888427734,0.0011882101534865,7.135198742616811e-05,,0.38449669457222063,0.18798625749329115,0.28804162573876424,0.13947542219572398
92,,,,2.1983,-0.0114,1.3151,0.1490744650363922,0.2,0.3833906054496765,0.1888760179281234,0.2880979478359222,0.1396353244781494,1.3157685995101929,0.3833906054496765,0.0043399179913103,0.0005930162896402,,0.38339064544043727,0.18887603762942942,0.2880979778868831,0.1396353390432503
93,,,,2.0811,0.119,1.3158,0.143450379371643,0.2,0.3823933601379394,0.1898090094327926,0.288251519203186,0.1395460814237594,1.316388487815857,0.3823933601379394,0.0169771496532484,0.0025382721065398,,0.38239337153415004,0.18980901508954212,0.288251527793751,0.13954608558255688
94,,,,2.0792,0.0415,1.3165,0.142563134431839,0.2,0.3815105855464935,0.1907587498426437,0.2884845733642578,0.1392460614442825,1.3168046474456787,0.3815105855464935,0.07347433750052,0.0104645683540002,,0.38151059691639533,0.19075875552769767,0.28848458196176835,0.13924606559413866
95,,,,2.0808,-0.1044,1.317,0.1514982879161834,0.2,0.380448579788208,0.1916341781616211,0.2885440587997436,0.1393731832504272,1.3175525665283203,0.380448579788208,-0.0431494752224534,-0.0061716693942435,,0.380448579788208,0.1916341781616211,0.2885440587997436,0.1393731832504272
96,,,,2.0948,-0.1117,1.3177,0.146291583776474,0.2,0.3794595003128052,0.1925385594367981,0.2886658906936645,0.1393360495567321,1.3181657791137695,0.3794595003128052,-0.0503600464388728,-0.0076324159337673,,0.37945950031280523,0.19253855943679812,0.28866589069366455,0.13933604955673212
97,,,,2.0845,0.0352,1.3182,0.1470375657081604,0.2,0.3786269724369049,0.1934800893068313,0.288906991481781,0.1389859169721603,1.318516492843628,0.3786269724369049,0.0256007815152406,0.003705628652824,,0.37862698372086834,0.19348009507298747,0.2889070000918806,0.13898592111426353
98,,,,2.1358,0.0761,1.3187,0.1424934715032577,0.2,0.3775306046009063,0.1943051069974899,0.2888934016227722,0.1392708271741867,1.3193482160568235,0.3775306046009063,-0.0133300324901938,-0.0018510505033191,,0.3775306271034853,0.1943051185789775,0.28889341884216185,0.1392708354753754
99,,,,2.0245,-0.0118,1.3195,0.1388418525457382,0.2,0.3765551447868347,0.1952045857906341,0.2890048325061798,0.1392354220151901,1.3199371099472046,0.3765551447868347,0.0043131760507822,0.0005637562624178,,0.37655515039794374,0.19520458869940915,0.28900483681268746,0.1392354240899596
100,,,,2.0342,0.0739,1.3199,0.1379125416278839,0.2,0.3756802678108215,0.1961062848567962,0.2891755104064941,0.1390379816293716,1.3203749656677246,0.3756802678108215,-0.0762950512219686,-0.0105631214707682,2.0101,0.3756802510166056,0.19610627609016257,0.28917549747934207,0.13903797541388976
101,,,,2.0626,0.1132,1.3205,0.1399717181921005,0.2,0.3746529221534729,0.1969611346721649,0.2892117798328399,0.1391741335391998,1.3210729360580444,0.3746529221534729,0.0156453003862407,0.0021591623795393,,0.3746529333190004,0.1969611405420643,0.2892117884520229,0.1391741376869123
102,,,,2.0586,-0.0332,1.3212,0.1421435624361038,0.2,0.3739332556724548,0.1979055255651474,0.2894966900348663,0.138664498925209,1.3212454319000244,0.3739332556724548,0.0325803702697157,0.0045797792030498,,0.37393326681653455,0.19790553146319184,0.28949669866254024,0.1386645030577332
103,,,,2.0712,-0.1184,1.3214,0.1423497945070266,0.2,0.372892677783966,0.1986945420503616,0.289470374584198,0.1389424055814743,1.3220125436782837,0.372892677783966,-0.0192216306179761,-0.0027333235158585,,0.37289267778396606,0.19869454205036163,0.28947037458419805,0.13894240558147433
104,,,,2.0368,-0.1445,1.3221,0.1413375437259674,0.2,0.3719013333320617,0.1995281428098678,0.2894997596740722,0.1390707045793533,1.3226680755615234,0.3719013333320617,-0.0118508965848013,-0.0017000699741765,,0.37190135549910996,0.19952815470267263,0.28949977692960366,0.13907071286861378
105,,,,2.0266,-0.2239,1.3228,0.1407437771558761,0.2,0.3708111643791199,0.2003581225872039,0.2894571721553802,0.1393735855817794,1.3234682083129885,0.3708111643791199,-0.0900268022809177,-0.01270624493598,,0.3708111478025699,0.2003581136304983,0.2894571592156369,0.1393735793512949
106,,,,2.0786,0.0648,1.3236,0.1431378275156021,0.2,0.3698565065860748,0.2012615501880645,0.2895482182502746,0.1393337100744247,1.3240050077438354,0.3698565065860748,0.0276748505921568,0.0039020473175332,,0.36985651209736636,0.20126155318709538,0.2895482225648794,0.13933371215065882
107,,,,2.2078,0.0959,1.3241,0.1481467634439468,0.2,0.3688344359397888,0.2021314799785614,0.2895668148994446,0.1394672989845276,1.324665904045105,0.3688344359397888,0.0208685251418501,0.0030282559839542,,0.3688344249476664,0.20213147395457404,0.2895668062696813,0.1394672948280783
108,,,,2.0539,-0.1791,1.3248,0.1429450809955597,0.2,0.3677954375743866,0.2030192464590072,0.2895803153514862,0.1396049708127975,1.3253337144851685,0.3677954375743866,0.0117315038712695,0.0014791301364311,,0.36779544853554513,0.2030192525094524,0.2895803239816524,0.13960497497334995
109,,,,2.0211,0.0057,1.3255,0.1396073549985885,0.2,0.3668467700481415,0.2039298266172409,0.2896641790866852,0.1395592391490936,1.3258471488952637,0.3668467700481415,-0.0037780338153243,-0.0005132196659542,,0.3668467645816987,0.20392982357844974,0.2896641747703526,0.1395592370694989
110,,,,1.9956,0.0594,1.326,0.1410922259092331,0.2,0.3660423755645752,0.2048897445201873,0.2898688912391662,0.1391989141702652,1.3261103630065918,0.3660423755645752,-0.0312358451494947,-0.0043829432257916,2.0545,0.3660424028368595,0.20488975978566404,0.28986891283608324,0.1391989245413933
111,,,,2.0728,-0.0789,1.3262,0.1418133676052093,0.2,0.3650964498519897,0.205716073513031,0.2898891270160675,0.1392983496189117,1.3266851902008057,0.3650964498519897,0.0618518334254622,0.0088178372988477,,0.3650964498519897,0.205716073513031,0.2898891270160675,0.1392983496189117
112,,,,1.9814,-0.007,1.3268,0.1398560106754303,0.2,0.3641232848167419,0.2065524011850357,0.2898933887481689,0.1394308805465698,1.3272905349731443,0.3641232848167419,-0.0930466704815626,-0.013054258688353,,0.3641233010943219,0.206552410418648,0.2898934017074138,0.13943088677961615
113,,,,1.9816,0.029,1.3273,0.1366231888532638,0.2,0.363230437040329,0.207418218255043,0.289964348077774,0.1393869519233703,1.3277528285980225,0.363230437040329,0.0072166672395542,0.0009807058883598,,0.3632304532779956,0.20741822752736033,0.289964361040191,0.1393869581544529
114,,,,2.0808,0.035,1.3279,0.1421359479427337,0.2,0.3623062074184418,0.2082773000001907,0.2900055944919586,0.13941091299057,1.3282692432403564,0.3623062074184418,-0.0135981827846262,-0.0019434794148401,,0.36230620201965863,0.20827729689661714,0.29000559017053856,0.13941091091318555
115,,,,2.206,-0.0384,1.3283,0.1449445337057113,0.2,0.361465185880661,0.2091380059719085,0.2900965511798858,0.1393003016710281,1.328651785850525,0.361465185880661,0.0089179540262557,0.0013670010399073,,0.36146516972190873,0.20913799662271151,0.29009653821155995,0.13930029544381964
116,,,,2.1078,0.0364,1.3288,0.1412042379379272,0.2,0.3605259656906128,0.2099509686231613,0.2900897264480591,0.1394333243370056,1.329219102859497,0.3605259656906128,0.0011168280139099,7.649100298294714e-05,,0.3605259710628684,0.20995097175167457,0.2900897307707329,0.13943332641472406
117,,,,2.0473,0.0631,1.3294,0.1387189030647277,0.2,0.3595837354660034,0.2107697874307632,0.2900802195072174,0.1395663022994995,1.3297832012176514,0.3595837354660034,0.0661485475953668,0.0093103487894404,,0.3595837193913585,0.21076977800861987,0.29008020653962163,0.13956629606039989
118,,,,1.9809,-0.1926,1.3299,0.1363299489021301,0.2,0.3586810529232025,0.2116300016641616,0.2901173233985901,0.1395716518163681,1.3302574157714844,0.3586810529232025,-0.0826044276775792,-0.0114440579677466,,0.3586810422336745,0.21162999535709626,0.29011731475242036,0.13957164765680885
119,,,,1.9441,-0.035,1.3303,0.1354937553405761,0.2,0.3578540980815887,0.2124795913696289,0.290193498134613,0.1394727528095245,1.3306214809417725,0.3578540980815887,-0.047939699422568,-0.0065183511842042,,0.35785411941135636,0.21247960403440022,0.2901935154314944,0.1394727611227489
120,0.5344920754432678,1.2304502725601196,1000000000.0,1.9585,0.0717,1.3307,0.1475845426321029,0.2,0.3569399714469909,0.2132780849933624,0.2901769280433655,0.1396050155162811,1.3311562538146973,0.3569399714469909,0.0227429322199896,0.0029170172428712,2.1813,0.35693997144699097,0.21327808499336243,0.29017692804336553,0.13960501551628113
121,0.5856815576553345,1.5173492431640625,0.5344920754432678,2.0681,0.1057,1.3312,0.1456017643213272,0.2,0.3560959100723266,0.214114174246788,0.2902247011661529,0.1395651847124099,1.3315575122833252,0.3560959100723266,0.078324626958929,0.0115289817741722,,0.35609592068481216,0.2141141806278879,0.29022470981552334,0.13956518887177669
122,0.5230449438095093,1.2520586252212524,0.5344920754432678,2.0114,-0.1123,1.3316,0.1390318125486374,0.2,0.35526043176651,0.2149409502744674,0.2902680933475494,0.1395305544137954,1.331953048706055,0.35526043176651,-0.0383197945076972,-0.0055624508704931,,0.3552604211789244,0.2149409438687281,0.29026808469688636,0.13953055025546093
123,0.5075346827507019,1.218481183052063,0.5230449438095093,1.9197,-0.083,1.332,0.1345462650060653,0.2,0.3543876111507416,0.2157175540924072,0.2902531027793884,0.1396417468786239,1.33243989944458,0.3543876111507416,-0.0339826278341934,-0.0047190511174267,,0.3543876058699547,0.2157175508779652,0.2902530984542802,0.13964174479779976
124,0.527431845664978,1.3227558135986328,0.5075346827507019,2.019,-0.1278,1.3325,0.1344940215349197,0.2,0.3535764813423157,0.2165324389934539,0.2902970016002655,0.139594092965126,1.3328063488006592,0.3535764813423157,-0.006423993203789,-0.0008333733084145,,0.3535764760736157,0.2165324357668692,0.2902969972745032,0.13959409088501198
125,0.5320884585380554,1.2363442182540894,0.5075346827507019,1.9884,0.0533,1.3329,0.1353106498718261,0.2,0.3526798784732818,0.2173069268465042,0.2902579605579376,0.1397552341222763,1.3333280086517334,0.3526798784732818,-0.0064598469424527,-0.0008895762980682,,0.3526798784732818,0.2173069268465042,0.2902579605579376,0.1397552341222763
126,0.556988000869751,1.3801426887512207,0.5075346827507019,1.9984,0.0198,1.3333,0.1440056711435318,0.2,0.3518957793712616,0.2181175649166107,0.2903092205524444,0.1396774053573608,1.3336539268493652,0.3518957793712616,-0.0169509028550237,-0.0022713451599702,,0.3518957898585734,0.21811757141702087,0.29030922920433366,0.139677409520072
127,0.5847911834716797,1.4642726182937622,0.5075346827507019,1.9968,0.0359,1.3337,0.1391398608684539,0.2,0.3512054979801178,0.2189565896987915,0.2904326319694519,0.1394053250551223,1.3338360786437988,0.3512054979801178,0.0028908995787332,0.0004575489553383,,0.3512054822800093,0.21895657991066964,0.29043261898610206,0.1394053188232189
128,0.5428366661071777,1.320414662361145,0.5075346827507019,1.9364,0.0039,1.3338,0.13498155772686,0.2,0.3504490554332733,0.2196949124336242,0.2904517948627472,0.1394042819738388,1.334174871444702,0.3504490554332733,-0.0178529039397835,-0.0023757195915095,,0.35044903976698044,0.21969490261249675,0.2904517818785407,0.13940427574198205
129,0.5087908506393433,1.1964735984802246,0.5075346827507019,1.9098,-0.0184,1.3343,0.1340139806270599,0.2,0.3495509624481201,0.2203835546970367,0.2903491556644439,0.1397163271903991,1.3347619771957395,0.3495509624481201,0.0064950402081012,0.0008638075052294,,0.3495509624481202,0.22038355469703672,0.29034915566444397,0.13971632719039911
130,0.5797243118286133,1.5173031091690063,0.5075346827507019,1.9391,0.0004,1.3348,0.1348030865192413,0.2,0.3487895131111145,0.2211621105670929,0.29038205742836,0.139666274189949,1.3350791931152344,0.3487895131111145,-0.0096637592324987,-0.0013110884162597,1.9708,0.3487895287032215,0.22116212045381012,0.2903820704094501,0.13966628043351828
131,0.6961604356765747,1.8936245441436768,0.5075346827507019,1.9774,0.1346,1.3352,0.1382297724485397,0.2,0.3480143845081329,0.2219327688217163,0.2903972864151001,0.1396555304527282,1.3354389667510986,0.3480143845081329,0.0340649474970996,0.0046207608352415,,0.3480143948797701,0.22193277543582846,0.2903972950696139,0.13965553461478747
132,0.6148544549942017,1.5887128114700315,0.5075346827507019,2.1018,0.0927,1.3354,0.1374655365943908,0.2,0.3473782539367676,0.2227222919464111,0.2905077040195465,0.1393918246030807,1.3355536460876465,0.3473782539367676,-0.041889457963407,-0.0058075728042604,,0.34737822805507274,0.22272227535230849,0.2905076823750375,0.13939181421758123
133,0.5799842476844788,1.4815088510513306,0.5075346827507019,1.9668,0.0535,1.3356,0.1370303332805633,0.2,0.3466714322566986,0.2234452813863754,0.2905338108539581,0.1393494755029678,1.3358397483825684,0.3466714322566986,0.0215085714682936,0.0029691688390448,,0.3466714322566986,0.2234452813863754,0.2905338108539581,0.1393494755029678
134,0.6583919525146484,1.7476297616958618,0.5075346827507019,2.06,0.0778,1.3359,0.1449981331825256,0.2,0.3458274304866791,0.2240932881832122,0.2904287874698639,0.1396504640579223,1.3363769054412842,0.3458274304866791,0.0097304515726864,0.001281462078914,,0.34582744079314004,0.22409329486171287,0.2904287961253166,0.13965046821983063
135,0.5501633286476135,1.3670387268066406,0.5075346827507019,2.104,0.0365,1.3365,0.1406369507312774,0.2,0.345180332660675,0.2248739451169967,0.2905168235301971,0.1394288837909698,1.336528778076172,0.345180332660675,-0.0536611298169009,-0.0077065616112668,,0.34518033780426294,0.22487394846787973,0.2905168278592352,0.13942888586862212
136,0.5413561463356018,1.3151839971542358,0.5075346827507019,1.9946,0.0686,1.3365,0.1371439397335052,0.2,0.3445259928703308,0.2255995124578476,0.2905676662921905,0.139306828379631,1.3367444276809692,0.3445259928703308,0.0341002040333114,0.0047493230371037,,0.3445259928703308,0.2255995124578476,0.2905676662921905,0.139306828379631
137,0.6614186763763428,1.77003014087677,0.5075346827507019,1.9492,-0.1232,1.3368,0.1334279179573059,0.2,0.3437590301036834,0.2262400388717651,0.2904994487762451,0.1395015269517898,1.3371694087982178,0.3437590301036834,-0.0318760349787771,-0.0043350671418011,,0.34375901473645804,0.22624002875804775,0.29049943578990844,0.13950152071558589
138,0.5675104856491089,1.4210951328277588,0.5075346827507019,1.9809,0.0474,1.3373,0.1354138851165771,0.2,0.3430742919445038,0.2269506752490997,0.2905175685882568,0.1394574791193008,1.3374290466308594,0.3430742919445038,0.037796591897495,0.0051147335973655,,0.3430742868322985,0.22695067186727116,0.2905175642592077,0.13945747704122244
139,0.5261195302009583,1.3014734983444214,0.5075346827507019,1.9551,-0.1252,1.3375,0.1338506042957306,0.2,0.3423190414905548,0.2276139706373214,0.2904636561870575,0.1396033465862274,1.3378249406814575,0.3423190414905548,-0.0272834525816142,-0.0036926872460753,,0.34231903638960376,0.22761396724560903,0.29046365185881184,0.13960334450597547
140,0.5714923143386841,1.367092251777649,0.5075346827507019,1.9953,0.1055,1.3379,0.1338303089141845,0.2,0.3415805995464325,0.2282864600419998,0.2904227674007416,0.1397101283073425,1.3381845951080322,0.3415805995464325,0.0330292505290708,0.004421255609468,1.9701,0.3415806148162759,0.22828647024720025,0.29042278038365155,0.1397101345528722
141,0.63471919298172,1.5834062099456787,0.5075346827507019,1.9549,-0.0348,1.3383,0.1355662047863006,0.2,0.3408335447311401,0.2289542555809021,0.2903710603713989,0.1398411393165588,1.3385605812072754,0.3408335447311401,-0.024388306196779,-0.0032982286950573,,0.3408335447311401,0.2289542555809021,0.2903710603713989,0.1398411393165588
142,0.5415387749671936,1.3469737768173218,0.5075346827507019,1.9591,-0.0326,1.3386,0.1362766325473785,0.2,0.340178370475769,0.2296670973300933,0.2903988361358642,0.1397556811571121,1.3387831449508667,0.340178370475769,0.0561931063979864,0.0075571806085645,,0.3401783755448219,0.22966710075239985,0.2903988404631442,0.13975568323963408
143,0.5114962458610535,1.1543365716934204,0.5075346827507019,1.9778,-0.1556,1.3388,0.1341562271118164,0.2,0.3395787179470062,0.2303925305604934,0.2904649674892425,0.1395637094974517,1.3388947248458862,0.3395787179470062,-0.0540939801558852,-0.0073773393419105,,0.33957874324759424,0.2303925477260759,0.29046498913057067,0.13956371989575914
144,0.5233102440834045,1.2264467477798462,0.5075346827507019,1.932,-0.0521,1.339,0.1320296972990036,0.2,0.3389378190040588,0.2310667932033538,0.2904759347438812,0.1395194977521896,1.3391176462173462,0.3389378190040588,0.0056801041867583,0.0007468585012247,,0.33893780385235833,0.2310667828738637,0.2904759217585957,0.13951949151518234
145,0.5136699080467224,1.2808011770248413,0.5075346827507019,2.082,-0.0734,1.3391,0.1345483362674713,0.2,0.3382557332515716,0.2316833734512329,0.2904293239116668,0.1396315693855285,1.339443325996399,0.3382557332515716,-0.0514117795228958,-0.0069236770505085,,0.3382557332515716,0.2316833734512329,0.2904293239116668,0.1396315693855285
146,0.5003036260604858,1.158286452293396,0.5075346827507019,2.0119,0.115,1.3396,0.1348352581262588,0.2,0.3377456068992615,0.2324238270521164,0.290550172328949,0.1392804384231567,1.339433193206787,0.3377456068992615,0.829319066889584,0.2563244514376855,,0.33774559180085695,0.23242381666196213,0.29055015934034467,0.1392804321968362
147,0.5677512884140015,1.3555766344070437,0.5003036260604858,1.961,0.2161,1.3395,0.1343637704849243,0.2,0.3370336890220642,0.2329794466495514,0.2904501259326935,0.1395367085933685,1.3398473262786863,0.3370336890220642,0.1409827611641958,0.0190220003353897,,0.33703369906645114,0.23297945359288016,0.29045013458878205,0.1395367127518866
148,0.5960437059402466,1.393283724784851,0.5003036260604858,1.9025,0.0139,1.3398,0.1314394474029541,0.2,0.3364145755767822,0.2336107045412063,0.2904439866542816,0.1395307779312133,1.3400766849517822,0.3364145755767822,0.0621779192565009,0.0082488916558213,,0.33641456053787944,0.23361069409799448,0.2904439736704242,0.13953077169370173
149,0.5316795110702515,1.2626895904541016,0.5003036260604858,1.9219,-0.081,1.3401,0.1387916058301925,0.2,0.3358320593833923,0.2342548072338104,0.2904644608497619,0.1394486874341964,1.3402386903762815,0.3358320593833923,0.0217820281768217,0.0029673633468337,,0.3358320543791048,0.23425480374314187,0.29046445652150427,0.13944868535624907
150,0.5160809755325317,1.2275177240371704,0.5003036260604858,1.96,-0.1066,1.3403,0.1340426206588745,0.2,0.3351801931858063,0.2348446995019912,0.2904126048088074,0.139562502503395,1.340541124343872,0.3351801931858063,-0.0479231610707938,-0.006599843025906,1.926,0.33518019318580633,0.23484469950199124,0.29041260480880743,0.13956250250339503
151,0.5089941620826721,1.3272223472595217,0.5003036260604858,1.9053,-0.0884,1.3406,0.1316371858119964,0.2,0.3345997333526611,0.2354718595743179,0.2904219329357147,0.1395064741373062,1.340714931488037,0.3345997333526611,-0.0311784444376826,-0.0041230939060915,,0.33459973335266113,0.23547185957431793,0.2904219329357148,0.13950647413730624
152,0.6531261801719666,1.6126772165298462,0.5003036260604858,1.8998,-0.1035,1.3408,0.1377455443143844,0.2,0.3339490592479706,0.2360514849424362,0.290362000465393,0.1396374702453613,1.3410234451293943,0.3339490592479706,0.0051154219009913,0.0007418433265411,,0.3339490542717419,0.23605148142499502,0.2903619961386621,0.13963746816460088
153,0.5240684747695923,1.220677137374878,0.5003036260604858,1.9576,0.0408,1.3411,0.1349982470273971,0.2,0.3332854807376861,0.2366333752870559,0.2902930676937103,0.1397881060838699,1.341347098350525,0.3332854807376861,-0.0345959828048944,-0.0046585344197228,,0.33328547080500515,0.23663336823483203,0.29029305904230307,0.13978810191785987
154,0.5353683233261108,1.3274524211883545,0.5003036260604858,1.9512,0.0426,1.3414,0.1331380754709243,0.2,0.3325619995594024,0.2371795326471328,0.2901665568351745,0.1400918513536453,1.3417768478393557,0.3325619995594024,0.0225550431812007,0.0030531433827491,,0.33256201938164354,0.23717954678413547,0.29016657413045016,0.14009185970377086
155,0.5582290291786194,1.4502938985824585,0.5003036260604858,1.9144,0.1602,1.3418,0.1305648386478424,0.2,0.3318069577217102,0.2377367317676544,0.2900222837924957,0.1404340416193008,1.342239260673523,0.3318069577217102,-0.0180573737248778,-0.0023266011406667,,0.3318069527774013,0.23773672822510108,0.290022279470827,0.14043403952667052
156,0.5281069278717041,1.266603708267212,0.5003036260604858,1.8846,0.0596,1.3423,0.1299958527088165,0.2,0.3314172625541687,0.2385380864143371,0.2902263700962066,0.1398182511329651,1.3420034646987915,0.3314172625541687,0.0616540218505542,0.0079594427125994,,0.3314172724311731,0.23853809352332628,0.29022637874562673,0.1398182552998738
157,0.5239541530609131,1.3182179927825928,0.5003036260604858,1.8803,0.0129,1.3421,0.1284935027360916,0.2,0.3307273983955383,0.2390512824058532,0.2901003062725067,0.1401210278272628,1.3424134254455566,0.3307273983955383,-0.0642364908102899,-0.008260809353087,,0.33072739346731617,0.2390512788437116,0.2901003019496754,0.14012102573929683
158,0.6009473204612732,1.429093599319458,0.5003036260604858,1.8682,0.0425,1.3425,0.1290685385465622,0.2,0.3302286565303802,0.2397098839282989,0.2901622951030731,0.1398992240428924,1.342445731163025,0.3302286565303802,0.0145613734175822,0.001868174158078,,0.33022863684721965,0.23970986964047733,0.2901622778080537,0.13989921570424937
159,0.6099638938903809,1.5168627500534058,0.5003036260604858,1.9331,-0.0125,1.3425,0.1334670633077621,0.2,0.3297460675239563,0.2403376102447509,0.2902167737483978,0.1396996080875396,1.3424839973449707,0.3297460675239563,-0.0310983780492097,-0.0041339305002475,,0.3297460478695603,0.24033759591951392,0.29021675645013123,0.1396995997607946
160,0.5565463304519653,1.376156210899353,0.5003036260604858,2.0381,0.0315,1.3425,0.1380887180566787,0.2,0.3293090760707855,0.2409512549638748,0.2902899086475372,0.1394497752189636,1.3424699306488037,0.3293090760707855,0.0103066350519657,0.0013807166129117,2.0371,0.32930907116369795,0.24095125137342135,0.2902899043218805,0.13944977314100004
161,0.5321333408355713,1.2704092264175415,0.5003036260604858,1.9575,-0.0998,1.3425,0.1336457878351211,0.2,0.3286917209625244,0.2414137423038482,0.2901793122291565,0.1397152096033096,1.342824101448059,0.3286917209625244,-0.0267580406088382,-0.0036646926612593,,0.3286917258604128,0.24141374590119336,0.29017931655316526,0.1397152116852285
162,0.5923379063606262,1.537581443786621,0.5003036260604858,2.0261,0.0632,1.3429,0.1326178461313247,0.2,0.3281179070472717,0.2419227510690689,0.2901157140731811,0.1398436427116394,1.3430819511413574,0.3281179070472717,-0.0020799704827368,-0.0003424266714137,,0.3281179021579339,0.24192274746413905,0.29011570975012013,0.13984364062780677
163,0.5062490105628967,1.3274348974227903,0.5003036260604858,1.9353,0.0918,1.3432,0.1337673515081405,0.2,0.3276068568229675,0.2424852550029754,0.2901149392127991,0.1397930085659027,1.3432096242904663,0.3276068568229675,0.0874558046273886,0.0115746197802945,,0.3276068372960783,0.24248524054972878,0.29011492192060223,0.1397930002335906
164,0.5334216952323914,1.303695559501648,0.5003036260604858,2.0446,-0.1971,1.3433,0.1338710337877273,0.2,0.3271560966968536,0.2430756241083145,0.2901619374752044,0.1396063417196273,1.3432365655899048,0.3271560966968536,-0.0577330592053476,-0.0078129702605656,,0.3271560966968537,0.24307562410831457,0.2901619374752045,0.13960634171962735
165,0.4931853115558624,1.164926528930664,0.5003036260604858,2.2215,0.0851,1.3433,0.1360437572002411,0.2,0.3267021477222442,0.2436123937368393,0.2901805937290191,0.1395048350095749,1.3433070182800293,0.3267021477222442,-0.0659500600269529,-0.0092728051669837,,0.3267021574587272,0.2436124009970546,0.290180602377075,0.13950483916714307
166,0.4902280271053314,1.163017511367798,0.4931853115558624,1.8955,0.0335,1.3434,0.1311492025852203,0.2,0.3261656165122986,0.2440865635871887,0.2901180386543274,0.1396297514438629,1.3435440063476562,0.3261656165122986,0.0308283306518569,0.0041258828778518,,0.3261656262327917,0.24408657086153537,0.290118047300519,0.13962975560515387
167,0.549575686454773,1.355437994003296,0.4902280271053314,1.9032,0.158,1.3436,0.1297370642423629,0.2,0.3256209194660187,0.2445674240589141,0.2900523841381073,0.1397593319416046,1.3437848091125488,0.3256209194660187,0.0321242575999349,0.0042150169534579,,0.32562090005750066,0.24456740948156058,0.2900523668496391,0.13975932361129978
168,0.7081291675567627,1.7486516237258911,0.4902280271053314,1.9121,0.0195,1.3439,0.13078473508358,0.2,0.325000911951065,0.2450042068958282,0.2899179756641388,0.1400769203901291,1.3441611528396606,0.325000911951065,0.0018970721028745,0.0002576257393229,,0.3250009071081741,0.24500420324498107,0.28991797134402436,0.14007691830282035
169,0.5036035180091858,1.1959574222564695,0.4902280271053314,1.9604,0.0397,1.3442,0.131049171090126,0.2,0.3245082795619964,0.2455531507730484,0.2899134755134582,0.1400250494480133,1.344271540641785,0.3245082795619964,-0.0420583063550293,-0.0055384798999875,,0.3245082940686476,0.24555316175013014,0.28991348847360104,0.14002505570762108
170,0.5770131945610046,1.469876766204834,0.4902280271053314,1.8977,0.0496,1.3443,0.1301217973232269,0.2,0.3240397274494171,0.2460824847221374,0.2899129986763,0.139964759349823,1.344367265701294,0.3240397274494171,0.0088281583273783,0.0011662664086907,1.9081,0.3240397371065538,0.24608249205596716,0.2899130073163809,0.139964763521098
171,0.5752045512199402,1.3967092037200928,0.4902280271053314,2.0535,0.0171,1.3444,0.1323300898075103,0.2,0.3237147629261017,0.2466928511857986,0.2900353074073791,0.1395570933818817,1.3442054986953735,0.3237147629261017,-0.0172329999820794,-0.0023338841338409,,0.3237147581023759,0.2466928475097887,0.2900353030855163,0.139557091302319
172,0.5351372957229614,1.3033535480499268,0.4902280271053314,1.8789,0.1499,1.3442,0.1295099258422851,0.2,0.3232893645763397,0.24717378616333,0.2900356948375702,0.1395010948181152,1.3442881107330322,0.3232893645763397,-0.005259955599904,-0.000609640518669,,0.3232893838458886,0.24717380089603663,0.2900357121250458,0.1395011031330289
173,0.6595566868782043,1.8174898624420168,0.4902280271053314,1.9751,0.1302,1.3444,0.1296147853136062,0.2,0.3227887749671936,0.2476105093955993,0.2899690866470337,0.1396316736936569,1.3445075750350952,0.3227887749671936,0.0089455959200858,0.0011996733909472,,0.32278876053741157,0.24761049832654747,0.28996907368440594,0.13963166745163494
174,0.5912656784057617,1.5656379461288452,0.4902280271053314,2.031,-0.01,1.3446,0.1309041976928711,0.2,0.322266161441803,0.2480394542217254,0.2898846566677093,0.1398096978664398,1.3447645902633667,0.322266161441803,0.0126713575609028,0.0016957216744776,,0.3222661710460833,0.2480394616138774,0.28988466530694557,0.1398097020330936
175,0.5781347155570984,1.4362249374389648,0.4902280271053314,1.9003,-0.0854,1.3448,0.1303482800722122,0.2,0.3218407034873962,0.2485425919294357,0.2898919284343719,0.1397247910499572,1.344823122024536,0.3218407034873962,-0.0370379843143746,-0.0048426918679615,,0.32184069869159615,0.2485425882258626,0.28989192411464565,0.1397247889678956
176,0.5313314199447632,1.2652783393859863,0.4902280271053314,1.9514,0.181,1.3448,0.1300247460603714,0.2,0.3214333057403564,0.2490243911743164,0.2898993790149688,0.1396428793668747,1.344877004623413,0.3214333057403564,0.0643652516975999,0.0083908560901181,,0.32143332010954556,0.2490244023065747,0.2898993919744815,0.13964288560939814
177,0.5349307656288147,1.2848008871078491,0.4902280271053314,1.9093,-0.0317,1.3449,0.132514476776123,0.2,0.3208764195442199,0.2494006007909774,0.2897664606571197,0.1399565190076828,1.3452194929122925,0.3208764195442199,-0.0499645181617233,-0.006599358653475,,0.32087641954421997,0.24940060079097745,0.28976646065711975,0.13995651900768283
178,0.543099582195282,1.308597445487976,0.4902280271053314,1.8943,-0.1373,1.3452,0.1305532306432724,0.2,0.3204529881477356,0.2498838454484939,0.2897630631923675,0.1399000883102417,1.3452935218811035,0.3204529881477356,0.0085558216692879,0.001059993855888,,0.3204529929228573,0.24988384917205342,0.28976306751017367,0.1399000903949155
179,0.5395312905311584,1.3289806842803955,0.4902280271053314,1.896,0.08,1.3453,0.1287357062101364,0.2,0.3200335204601288,0.250356912612915,0.2897563874721527,0.1398532092571258,1.3453717231750488,0.3200335204601288,-0.0217742686718702,-0.0027978795353556,,0.3200335109223869,0.2503569051516978,0.2897563788367397,0.13985320508917548
180,0.4961486458778381,1.1638429164886477,0.4902280271053314,1.8869,0.1545,1.3454,0.128221109509468,0.2,0.3195564150810241,0.2507795989513397,0.2896909415721893,0.1399730592966079,1.3455666303634644,0.3195564150810241,0.0131206426955759,0.0016764296600013,1.8914,0.3195564103192625,0.25077959521443255,0.2896909372554579,0.1399730572108468
181,0.5871545672416687,1.554022192955017,0.4902280271053314,1.8932,0.068,1.3456,0.127664253115654,0.2,0.3191976249217987,0.2512978911399841,0.2897388637065887,0.1397656500339508,1.345527172088623,0.3191976249217987,0.0190920914430171,0.0024470013036625,,0.31919761540896846,0.25129788365072353,0.28973885507169794,0.13976564586860996
182,0.5703206062316895,1.5337977409362793,0.4902280271053314,1.8774,-0.134,1.3456,0.1289765536785125,0.2,0.3187500536441803,0.2517035901546478,0.2896815538406372,0.1398647874593734,1.3456976413726809,0.3187500536441803,-0.0298662229254841,-0.0038006862811744,,0.31875005839392634,0.2517035939053237,0.28968155815722885,0.1398647895435212
183,0.5166968107223511,1.266135573387146,0.4902280271053314,1.9744,0.0212,1.3457,0.1317861974239349,0.2,0.3182917833328247,0.2521012723445892,0.2896132469177246,0.1399936825037002,1.3458905220031738,0.3182917833328247,-0.041719611948356,-0.005535679126624,,0.31829178807574193,0.25210127610119093,0.28961325123329834,0.13999368458976866
184,0.5118178129196167,1.2259624004364014,0.4902280271053314,1.9359,0.0897,1.3459,0.1326101720333099,0.2,0.3179671764373779,0.2526017427444458,0.2896713614463806,0.1397597193717956,1.3458203077316284,0.3179671764373779,0.0166411478910594,0.0021446768104215,,0.3179671764373779,0.2526017427444458,0.2896713614463806,0.1397597193717956
185,0.526023805141449,1.3171366453170776,0.4902280271053314,1.948,-0.0336,1.3458,0.1331025213003158,0.2,0.317582905292511,0.2530277669429779,0.2896588742733001,0.1397304385900497,1.345894694328308,0.317582905292511,-0.0286550324084237,-0.0038052584484103,,0.3175829100248651,0.2530277707133855,0.28965887858955375,0.1397304406721955
186,0.5193331241607666,1.3028110265731812,0.4902280271053314,1.8859,0.0391,1.3459,0.1294489055871963,0.2,0.3171599507331848,0.2534125745296478,0.2896040380001068,0.1398233622312545,1.3460499048233032,0.3171599507331848,0.0142974211997352,0.0018965608149301,,0.31715997436344434,0.2534125934103574,0.28960405957729074,0.1398233726489076
187,0.5946496725082397,1.4752379655838013,0.4902280271053314,1.9152,-0.056,1.346,0.1328834444284439,0.2,0.3168613016605377,0.2538817822933197,0.2896608114242553,0.139596089720726,1.3459739685058594,0.3168613016605377,0.0104934198933187,0.0013546495942864,,0.3168613063821391,0.2538817860764531,0.2896608157405378,0.13959609180086988
188,0.5285701155662537,1.2810345888137815,0.4902280271053314,2.1845,0.1119,1.346,0.1376257091760635,0.2,0.3165048956871032,0.2542904913425445,0.2896544635295868,0.1395501494407653,1.3460264205932615,0.3165048956871032,0.0673086267895996,0.0092632976348977,,0.31650489568710327,0.25429049134254456,0.28965446352958685,0.13955014944076533
189,0.5831928253173828,1.557241916656494,0.4902280271053314,1.9171,-0.0558,1.346,0.135865032672882,0.2,0.3162626028060913,0.2547755837440491,0.2897497415542602,0.1392120569944381,1.3458681106567385,0.3162626028060913,-0.0165988752245903,-0.0022714866342721,,0.31626260751877144,0.2547755875405012,0.2897497458718679,0.13921205906885945
190,0.5291763544082642,1.346471905708313,0.4902280271053314,1.9642,-0.0359,1.3459,0.1328699290752411,0.2,0.3158812522888183,0.2551255822181701,0.2897013127803802,0.1392918676137924,1.346001386642456,0.3158812522888183,-0.0162478500977158,-0.0022248299920465,1.9239,0.315881247581821,0.2551255784165028,0.28970130846349434,0.13929186553818187
191,0.5211288332939148,1.338539481163025,0.4902280271053314,1.8921,-0.0595,1.346,0.1324573010206222,0.2,0.3154292106628418,0.2554244697093963,0.2895872294902801,0.1395590901374817,1.3462705612182615,0.3154292106628418,-0.0344579666480421,-0.0045598076836904,,0.3154292106628418,0.2554244697093963,0.2895872294902801,0.1395590901374817
192,0.5595621466636658,1.4525164365768433,0.4902280271053314,1.8735,-0.0035,1.3463,0.1291624903678894,0.2,0.3150221109390259,0.2557713389396667,0.2895205914974212,0.1396860033273697,1.3464410305023191,0.3150221109390259,0.0258049536030739,0.0033119102369528,,0.3150220968564407,0.25577132750579734,0.28952057855484276,0.139685997082919
193,0.5557934641838074,1.4075063467025757,0.4902280271053314,1.8912,-0.0734,1.3464,0.12835793197155,0.2,0.3146772384643554,0.2561714649200439,0.2895142436027527,0.1396370530128479,1.3464841842651367,0.3146772384643554,-0.0056502111535519,-0.0007389154029078,,0.31467723846435547,0.25617146492004395,0.28951424360275274,0.13963705301284793
194,0.5800411701202393,1.590727925300598,0.4902280271053314,1.8983,-0.0435,1.3464,0.130844846367836,0.2,0.314361572265625,0.2565732002258301,0.2895252704620361,0.1395399421453476,1.3464994430541992,0.314361572265625,0.0278676491603255,0.0036306751798838,,0.3143615769499775,0.25657320404906875,0.28952527477629886,0.1395399442246548
195,0.5665815472602844,1.3801209926605225,0.4902280271053314,1.9244,0.0126,1.3465,0.1310570240020752,0.2,0.3141462504863739,0.2570439279079437,0.2896256446838379,0.1391841918230056,1.3463029861450195,0.3141462504863739,-0.0132040978223085,-0.0017414822513819,,0.31414624580523004,0.2570439240776908,0.28962564036807953,0.13918418974899954
196,0.5468640923500061,1.4038957357406616,0.4902280271053314,1.8891,-0.1017,1.3463,0.1296935826539993,0.2,0.3137757182121277,0.2573640942573547,0.289566695690155,0.1392935514450073,1.3464499711990356,0.3137757182121277,-0.0717233645543456,-0.0093587782548274,,0.3137756995096386,0.25736407891726015,0.289566678430636,0.13929354314246514
197,0.5381702184677124,1.352471947669983,0.4902280271053314,1.8832,0.0127,1.3465,0.1284938752651214,0.2,0.3133971095085144,0.2576836049556732,0.2895017862319946,0.1394174695014953,1.3466081619262695,0.3133971095085144,-0.0053675020765513,-0.0006998976081376,,0.3133971188484764,0.2576836126352433,0.2895017948598204,0.1394174736564598
198,0.5609791874885559,1.405002236366272,0.4902280271053314,1.8768,0.0447,1.3467,0.1298145502805709,0.2,0.3130090236663818,0.25800421833992,0.2894313931465149,0.1395553797483444,1.3467774391174316,0.3130090236663818,0.0484875903651118,0.0062299305922351,,0.31300901900218403,0.25800421449535765,0.28943138883365116,0.13955537766880724
199,0.5445874929428101,1.362634539604187,0.4902280271053314,1.8987,-0.0092,1.3468,0.128708928823471,0.2,0.3126025795936584,0.2583155035972595,0.2893450856208801,0.1397368758916854,1.3469810485839844,0.3126025795936584,-0.0210789868095889,-0.0027224960952298,,0.3126025656192347,0.25831549204965715,0.2893450726861474,0.13973686964496054
200,0.5071050524711609,1.2406383752822876,0.4902280271053314,1.9747,0.0242,1.3471,0.1325849294662475,0.2,0.3122333586215973,0.2586598694324493,0.2892949879169464,0.1398117542266845,1.3470983505249023,0.3122333586215973,0.0242497024592012,0.0031116808624938,1.9747,0.31223336792687684,0.2586598771411144,0.2892949965386092,0.1398117583933996
